case,reviewer,reviewer_notes,eeoc_categories_to_check,match_yes_no,scorer_comment
S013-03,P,"rc1: gap: The FAD's finding of no discrimination or retaliation cannot be traced to documented evidence, because the Investigator never questioned Complainant on claims 1-3 and 5-9 (ROI 70-72) and the record shows no analysis connecting the evidence to the conclusion. | rc2: review: Most statements are cited to ROI pages (e.g., ROI at 62, 146-162, 295, 317), but the Supervisor's responses are not summarized and the conversation preceding the warning letter is undetailed (ROI at 73), so several characterizations lack a clear basis. | rc3: review: The claims carry specific dates from January 23 to February 20, 2019, with the March 13 complaint, May 8 acceptance and March 18 accommodation cancellation, but the dates of the Coworker 1 EEO activity and the Supervisor's conversation preceding the February 1 warning letter are not established, so the retaliation sequence cannot be fully followed. | rc4: gap: The FAD is reported only as a bare conclusion that Complainant failed to prove discrimination or retaliation, with no identified decision-maker, criteria applied, or documented consideration of responsive information. | rc5: gap: The record cannot stand on its own because the six coworkers Complainant named were not interviewed with no explanation (ROI), Complainant was only asked to verify claims 1-3 and 5-9, and the FAD's reasoning is absent, so an independent reviewer could not assess whether the conclusion is supported.","D2 Identified witnesses not interviewed, or non-responses not pursued; D7 Accepted claims or incidents not investigated at all",,
S013-03,Q,"The record has material gaps that should be filled before a merits decision. The investigator did not question Complainant on claims 1-3 and 5-9 and only asked her to verify them. None of the six coworkers she named as witnesses (Coworkers 2-7) gave affidavits, and no reason is given for not contacting them. Those witnesses were the people who could corroborate the alleged retaliation, the spreading of information, and the exclusion. The record also has no detail on the conversation the day before the warning letter, and no comparator evidence on the probationary warning. The only management evidence on the contested claims is the Supervisor's own responses. The other officials interviewed had little or no knowledge of the claims. Under these conditions the FAD's finding of no discrimination or retaliation cannot be reliably evaluated.","D2 Identified witnesses not interviewed, or non-responses not pursued; D7 Accepted claims or incidents not investigated at all",,
S013-03,R,"rc1: gap: The FAD's conclusion that Complainant 'failed to prove' discrimination or retaliation is stated without any reasoning, and the record cannot support it because the investigator did not question Complainant on claims 1-3 and 5-9 and the Supervisor's responses (ROI at 146-162) are not summarized. | rc2: review: Complainant's assertions and the management and HR statements are tied to specific ROI pages, but the factual basis for the warning letter in claim 4 and the substance of the Supervisor's responses are not described, and the six named witnesses were never interviewed, leaving key characterizations unsourced or uncorroborated. | rc3: review: Each claim is dated and the complaint, acceptance, and accommodation dates are given, but the record conflicts with itself: the resignation was effective February 8, 2019, yet Complainant is said to be in her 'last week of employment' and transferring facilities on March 18, 2019, and claim 9 (blocked computer access) is dated February 20, 2019. | rc4: gap: The record does not identify who made the final decision, what legal standard or analysis was applied to the hostile work environment and discrete claims, or whether Complainant's responses were weighed, and the investigator gives no reason for not contacting the six witnesses Complainant listed. | rc5: gap: Because of the one-sided investigation, the missing witness affidavits, the unexplained conclusion, and the unresolved chronology conflicts, an independent reviewer could not tell from this record alone whether the decision is supported by the documented evidence.","D2 Identified witnesses not interviewed, or non-responses not pursued; D7 Accepted claims or incidents not investigated at all",,
S013-03,S,"rc1: gap: The record ends with 'The Agency determined that Complainant failed to prove that the Agency subjected her to discrimination or retaliation' but gives no findings or reasoning from the cited ROI evidence to that conclusion, and the Supervisor's responses (ROI 146-162) are cited without content. | rc2: review: Complainant's assertions are tied to ROI page cites (e.g., ROI at 62, 73-74) and the Associate Chief, Chief, and HR Specialist statements are attributed, but the Supervisor's responses to all nine claims are referenced without any summary of what was said. | rc3: review: Claim dates (January 23 to February 20, 2019), the March 13, 2019 complaint filing, and the May 8, 2019 acceptance are dated in order, but the dates of the investigation, ROI delivery, hearing election, and FAD are missing, and the March 18, 2019 'last week of employment' sits unreconciled with a stated resignation effective February 8, 2019. | rc4: gap: The record does not identify who issued the FAD, what standard or criteria were applied beyond a citation to 29 C.F.R. § 1614.110(b), or whether the Supervisor's responses and the uncontacted witnesses' absence were considered before finalization. | rc5: gap: Because the conclusion is not connected to the evidence and the decision-maker, criteria, and final-stage chronology are absent, an independent reviewer could not assess from this record alone whether the FAD finding is supported. | remediation: The record would need the FAD itself, with its findings and reasoning, the decision-maker's identity, the standard applied, and a summary of the Supervisor's responses and how they were weighed. It would also need dates for the investigation, ROI issuance, and FAD, an explanation of why the six listed witnesses were not contacted, and a reconciliation of the resignation and accommodation-withdrawal dates.","D2 Identified witnesses not interviewed, or non-responses not pursued; D7 Accepted claims or incidents not investigated at all",,
S013-03,T,"basis_identification: review: The record identifies specific dates, incidents, and actors (Supervisor, Coworkers 1-7), but the factual basis for the Agency's investigative conclusions and the FAD determination is not explicit—investigator findings and reasoning are summarized only through Complainant's and Supervisor's statements, without independent investigator analysis documented. | reasoning_traceability: gap: The record documents what was asked and stated but does not trace how the investigator weighed evidence, addressed contradictions (e.g., Supervisor's version vs. Complainant's), or reasoned from fact to conclusion; the FAD states Complainant 'failed to prove' discrimination but provides no documented analysis of proof standards applied. | cold_reviewer_clarity: gap: A reviewer years later cannot reconstruct why seven listed potential witnesses were never contacted, why the investigator only verified rather than questioned Complainant on eight of nine claims, or how the Agency reached its discrimination determination from the competing narratives in the ROI. | accountability_support: review: The record contains detailed chronology and multiple statements, but critical evidentiary gaps exist: no witness affidavits despite Complainant naming six coworkers, no documented investigator explanation for why those witnesses were not interviewed, and no explicit articulation of what evidence the Agency deemed insufficient for each claim. | temporal_reconstructability: pass: The record provides precise dates for nine alleged incidents (January 23 through February 20, 2019), complaint filing (March 13, 2019), investigation acceptance (May 8, 2019), and resignation effective date (February 8, 2019), enabling clear chronological reconstruction. | remediation: To achieve compliance, the record must document the investigator's analysis of each claim against the legal standard for hostile work environment and discrimination, explain why identified witnesses were not interviewed, and articulate which evidence the Agency found insufficient to support Complainant's burden of proof.","D2 Identified witnesses not interviewed, or non-responses not pursued; D7 Accepted claims or incidents not investigated at all",,
S013-04,P,"rc1: gap: The FAD's conclusion that Complainant 'failed to prove' discrimination is stated without any cited evidence or reasoning linking the ROI contents to that conclusion, so it cannot be reconstructed from the record. | rc2: review: Only one characterization is tied to a source (RMOs' awareness of race 'from observation,' ROI at 101), while the incident allegations in 1(a)-(e) and the termination rationale are given without identified witness or document attribution. | rc3: gap: The chronology is internally inconsistent and incomplete: termination is dated September 18, 2020 yet the separation email is dated September 24 and cites no-call/no-shows since September 18, item 1(c) and 1(e) have unspecified dates, and no prior interventions or review period are identified. | rc4: gap: The record names RMOs but does not document who decided the termination, what criteria (e.g., job abandonment threshold) applied, or whether Complainant's explanation was considered, and the FAD author's analysis is not described. | rc5: gap: Because reconstructability, chronology, and decision-process traceability are not met and sourcing is thin, an independent reviewer could not assess from this record whether the FAD's no-discrimination conclusion is supported.","D1 Decision-maker or responsible official not examined, or not under oath; D2 Identified witnesses not interviewed, or non-responses not pursued; D7 Accepted claims or incidents not investigated at all",,
S013-04,Q,"The summary shows the ROI exists and the claims are clearly framed, but the record's coverage is thin. It says nothing about witness statements from RMO 1, 2, 3 or Witness 1, nor about comparators, such as non-white or younger supervisors treated differently on policy violations, attendance, or termination. The termination date (Sept 18) conflicts with the separation email (Sept 24) and the no-call/no-show period that began Sept 18, and there is no attendance or leave documentation to resolve this. The age basis is unspecified, and the record gives no evidence on the reimbursement allegation, the 'run'/U.S. Marshals incident, or the stated reason of job abandonment. The only evidence cited is RMO awareness of race and color from observation. A merits decision cannot be evaluated from this record without those gaps being filled.","D1 Decision-maker or responsible official not examined, or not under oath; D2 Identified witnesses not interviewed, or non-responses not pursued; D7 Accepted claims or incidents not investigated at all",,
S013-04,R,"rc1: gap: The record states only that the Agency 'concluded that Complainant failed to prove' discrimination, with no evidence or reasoning linking the allegations to that conclusion. | rc2: gap: The only sourced fact is RMO awareness of race and color ('ROI at 101'); the allegations (e.g., the 'U.S. Marshals' threat, monitoring by Witness 1, the job-abandonment basis) are not tied to testimony, documents, or management responses. | rc3: review: Key dates are given (termination September 18, 2020; complaint October 9, 2020; FAD March 3, 2022), but items 1c and 1e are undated, and the September 18 termination conflicts with the September 19 policy accusation and stay-away email and the September 24 separation email citing no-shows since September 18. | rc4: gap: The record does not identify who decided the FAD, what legal standard or burden-shifting framework was applied, or whether management's explanations and Complainant's rebuttal were weighed; it notes only that no hearing was requested. | rc5: gap: Without documented evidence, analysis, a decision-maker, or a coherent termination chronology, an independent reviewer could not tell from this record whether the no-discrimination finding is supported.","D1 Decision-maker or responsible official not examined, or not under oath; D2 Identified witnesses not interviewed, or non-responses not pursued; D7 Accepted claims or incidents not investigated at all",,
S013-04,S,"rc1: gap: The record states that the Agency concluded Complainant 'failed to prove' discrimination, but the ROI evidence and the reasoning linking it to that conclusion are not in the file. | rc2: review: Allegations are attributed to Complainant and one point cites 'ROI at 101' for RMO awareness of race, but facts such as the termination date and the job-abandonment rationale have no identified source. | rc3: review: Dated events run from termination through the EEO filing on October 9, 2020 to the FAD on March 3, 2022, but several dates are unspecified and the September 18 termination date conflicts with the September 24 separation email and the September 19 events. | rc4: gap: The record names no individual who made the FAD determination, cites only the procedural provision 29 C.F.R. § 1614.110(b) rather than the criteria applied, and does not show whether management responses were considered. | rc5: gap: An independent reviewer could not assess whether the Agency's conclusion is supported without the ROI and other outside context, since the record is only a background summary with the outcome text removed. | remediation: The record would need the underlying ROI evidence with source attribution, the reasoning connecting that evidence to the FAD conclusion, and the identity of the decision-maker and the standard applied. It would also need a reconciled timeline that resolves the termination date discrepancy and fills in the unspecified dates, along with documentation of management's responses to the allegations.","D1 Decision-maker or responsible official not examined, or not under oath; D2 Identified witnesses not interviewed, or non-responses not pursued; D7 Accepted claims or incidents not investigated at all",,
S013-04,T,"basis_identification: review: The record identifies specific RMOs and dates for most allegations (Sept 18-24, 2020), but one incident lacks temporal specificity ('unspecified date' for IT harassment and training monitoring), limiting complete traceability of evidentiary basis. | reasoning_traceability: gap: The record presents allegations and procedural history but contains no investigative findings, factual determinations, or reasoning explaining how the Agency reached its conclusion that discrimination was not proved; the ROI content is referenced but not disclosed. | cold_reviewer_clarity: gap: A reviewer with no prior knowledge cannot reconstruct the investigative analysis or decision logic from this summary alone, as it omits investigative findings, witness statements, management responses, and the evidentiary basis for the final determination. | accountability_support: gap: The record states a conclusion ('failed to prove discrimination') but provides no evidence, comparators, temporal analysis, or investigative detail to support how that conclusion was reached or whether allegation-specific findings were made. | temporal_reconstructability: review: Dates are provided for termination (Sept 18), complaint filing (Oct 9), and formal decision (Mar 3, 2022), but intervals between investigative steps are absent, and multiple allegations lack specific dates, preventing full chronological reconstruction. | remediation: This record is a background summary stripped of investigative substance and reasoning. A compliant version must include the ROI findings (or summary thereof), factual determinations on each allegation, articulated reasoning linking evidence to conclusions, and specific dates or date ranges for all incidents and investigative steps.","D1 Decision-maker or responsible official not examined, or not under oath; D2 Identified witnesses not interviewed, or non-responses not pursued; D7 Accepted claims or incidents not investigated at all",,
S013-07,P,"rc1: gap: The record lists fifteen allegations and the agency's bare conclusion that Complainant 'failed to show that she was subjected to disparate treatment,' but cites no evidence (affidavits, witness statements, documents) and no reasoning linking any evidence to that conclusion. | rc2: gap: Every incident is stated as an allegation without attribution to a source in the record (e.g., affidavit, witness statement, document), and the agency's findings cite no source at all, though a report of investigation is mentioned in passing. | rc3: review: Most allegations carry specific dates (e.g., Sept. 13, 2019; Dec. 24, 2019; Jan. 31, 2020; Feb. 6, 2020) and the complaint filing date of April 13, 2020 is given, but the dates of the Light Duty period, EEO counseling, report of investigation, and final decision are absent, and the claim 1 and 4 date ranges are vague. | rc4: gap: The record does not name who made the final decision, what standard was applied beyond a generic 'disparate treatment' reference, or whether the supervisors' explanations or other responsive information were considered before the decision. | rc5: gap: Because evidence, sources, and decision-process details are missing, an independent reviewer could not assess whether the agency's no-discrimination conclusion is supported without outside context such as the full report of investigation.","D1 Decision-maker or responsible official not examined, or not under oath; D2 Identified witnesses not interviewed, or non-responses not pursued; D4 Relevant documents not obtained (policies, files, records, reports); D6 Reasonable accommodation and interactive process not developed; D8 Failed attempts to obtain evidence not documented",,
S013-07,Q,"The record summary lists 15 detailed incidents and confirms a completed ROI, notice of hearing rights, and an FAD under 1614.110(b). It does not show what evidence the investigation gathered: no witness statements from Supervisors 1 and 2, the Chief, the Program Manager, or coworkers; no comparator information on cashier or light duty assignments; no light duty documentation or medical records; and no account of the agency's stated reasons. The agency's finding of no disparate treatment is stated without any supporting analysis, and hostile work environment, age, and disability accommodation theories are not addressed. Because this is only a background summary, the ROI may be fuller than described, so adequacy cannot be confirmed and a closer human look at the full ROI is needed.","D1 Decision-maker or responsible official not examined, or not under oath; D2 Identified witnesses not interviewed, or non-responses not pursued; D4 Relevant documents not obtained (policies, files, records, reports); D6 Reasonable accommodation and interactive process not developed; D8 Failed attempts to obtain evidence not documented",,
S013-07,R,"rc1: gap: The record states only that the Agency 'concluded that Complainant failed to prove' discrimination and 'failed to show... disparate treatment,' without any documented evidence or reasoning connecting the 15 allegations to that conclusion. | rc2: gap: The fifteen incidents are attributed to Complainant's allegations, but the summary cites no witness statements, management responses, or ROI exhibits as a basis for the Agency's findings. | rc3: review: The alleged incidents are dated and ordered from September 8, 2019, through February 6, 2020, and the complaint filing date (April 13, 2020) is given, but the ROI issuance, the hearing election, and the final decision are undated. | rc4: gap: The record cites only 29 C.F.R. § 1614.110(b) as the procedural basis; it does not identify the decision-maker or the legal standards applied, does not show whether management's or Complainant's responses were weighed, and does not show that the hostile work environment claim was analyzed separately from disparate treatment. | rc5: gap: Because the summary presents allegations and a bare conclusion with no documented evidence, reasoning, or decision process, an independent reviewer could not assess from this record alone whether the final decision is supported.","D1 Decision-maker or responsible official not examined, or not under oath; D2 Identified witnesses not interviewed, or non-responses not pursued; D4 Relevant documents not obtained (policies, files, records, reports); D6 Reasonable accommodation and interactive process not developed; D8 Failed attempts to obtain evidence not documented",,
S013-07,S,"rc1: gap: The Agency's conclusion that Complainant 'failed to prove' discrimination and 'failed to show... disparate treatment' appears without any cited evidence or reasoning linking the 15 allegations to that result. | rc2: review: The 15 allegations are attributed to Complainant's April 13, 2020 EEO complaint, but no witness statements, documents or report of investigation contents are identified as the source for any finding or for the Agency's characterization. | rc3: review: The underlying events are dated and mostly sequential (September 8, 2019 through the February 6, 2020 Weingarten notice, with the complaint filed April 13, 2020), but the dates of the investigation, the hearing request, and the final decision are not stated. | rc4: gap: The record does not identify who made the Agency decision, what standard was applied beyond the phrase 'disparate treatment', or whether responses from Supervisors 1 and 2 or other mitigating information were considered. | rc5: gap: Because the path from evidence to conclusion, the sources of the findings, and the decision process are missing, an independent reviewer could not assess from this summary whether the Agency's conclusion is supported. | remediation: The record would need to cite the evidence relied on (report of investigation, witness statements, records on light duty and scheduling) and show how it was weighed for each allegation, with sources identified. It would also need to name the decision-maker, the legal standard applied, the dates of the investigation and final decision, and any consideration of the supervisors' responses.","D1 Decision-maker or responsible official not examined, or not under oath; D2 Identified witnesses not interviewed, or non-responses not pursued; D4 Relevant documents not obtained (policies, files, records, reports); D6 Reasonable accommodation and interactive process not developed; D8 Failed attempts to obtain evidence not documented",,
S013-07,T,"basis_identification: pass: Each of the 15 alleged incidents is identified with specific dates, actors (Supervisor 1, Supervisor 2), and substantive claims (e.g., assignment of duties despite Light Duty status, verbal statements, schedule changes). | reasoning_traceability: gap: The record presents allegations and final conclusions ('failed to prove discrimination,' 'failed to show disparate treatment') but omits the investigative reasoning, evidence evaluation, comparator analysis, or intermediate findings that would connect factual allegations to the conclusion. | cold_reviewer_clarity: review: A reviewer years later can identify what was alleged and when, but cannot reconstruct why the Agency rejected the claims without access to the investigation report referenced but not included in this background section. | accountability_support: gap: The record does not present witness statements, supervisor responses to allegations, evidence of non-discriminatory reasons for assignments or discipline, or analysis of whether comparators were treated differently, all necessary to assess whether the conclusion is supported. | temporal_reconstructability: pass: Events are sequenced chronologically from September 8, 2019, through February 6, 2020, with specific dates for each incident, and the complaint filing date (April 13, 2020) and investigation conclusion are identified. | remediation: This record functions as a complaint summary, not a complete investigative record. To meet JRS standards, it must include: the full investigation report with witness interviews, Agency responses to each allegation, analysis of pretext and comparator treatment, articulation of non-discriminatory reasons for each action, and explicit findings of fact addressing the nexus between protected status and adverse action.","D1 Decision-maker or responsible official not examined, or not under oath; D2 Identified witnesses not interviewed, or non-responses not pursued; D4 Relevant documents not obtained (policies, files, records, reports); D6 Reasonable accommodation and interactive process not developed; D8 Failed attempts to obtain evidence not documented",,
S013-09,P,"rc1: review: The paths for claims 2, 3 and 12 can be traced to the Privacy Investigation Report, S1's statement and coworker interviews, but claims 4-11, 13 and 14 get no claim-specific analysis, and claim 1's finding that Complainant stayed on eight-hour shifts rests on 'undisputed evidence' with no cited source. | rc2: review: Many characterizations are attributed (Privacy Investigation Report, July 1, 2019 letter, S1 affidavit, Complainant testimony), but the discipline letters have unidentified addressees, the July 1 letter has a blank employee name, Witness 2 is introduced without identification, and the six interviewed coworkers are not individually tied to their statements. | rc3: review: Most events are dated (April 2019 SPAR request, June 15 and June 26, 2018, July 1 and Sept 4-5, 2019), but the claim 1 timing shifts between 2017 and May 2018, the SPAR request appears as April 8, 9 and 12, claim 14 is undated, and the privacy report date and the order of the investigation and discipline steps are not clear. | rc4: gap: The record does not name who decided the matter, gives no criteria beyond a general disparate-treatment framing, and does not show how Witness 13, the claims left unanalyzed, or the inconsistency between Witness 1 and S1 were weighed before the final decision. | rc5: gap: An independent reviewer would need outside context to evaluate the decision, because RC4 is not met, several claims are never analyzed, key documents lack identified addressees or names, and testimony is credibility-discounted without detail.","D2 Identified witnesses not interviewed, or non-responses not pursued; D1 Decision-maker or responsible official not examined, or not under oath; D9 Notice and timing of management's knowledge not established",,
S013-09,Q,"The record leaves material gaps on the merits. Claims 4-11, 13 and 14 are never separately addressed in the decision, and the record gives no evidence on the May 2019 misconduct accusations, the email incident, the misconduct form, the coworker's ""mental patient"" remark, or the August 2019 article. Complainant's named witnesses to the surgery remark (Witness 1, Witness 13) and Witness 12, who spoke of coworkers going through her records, are not meaningfully addressed. The Agency rests on Witness 1's credibility on the ""mental issues"" statement without clear testimony from the others. The key finding that S1 did not disclose the surgery rests on interviews from the privacy investigation, not the EEO investigation, and that report did not examine the claim. The Agency also finds S1 did not know of the disability without exploring Complainant's 2017-2018 medical leave requests and her FMLA forms signed by S1. No comparators are identified, and the discipline letters have unidentified addressees. Because the decision cannot be evaluated against the full set of accepted claims, the gaps should be filled before a merits decision.","D2 Identified witnesses not interviewed, or non-responses not pursued; D1 Decision-maker or responsible official not examined, or not under oath; D9 Notice and timing of management's knowledge not established",,
S013-09,R,"rc1: review: The Agency's reasoning on claims 1, 2, 3 and 12 can be traced to documented items such as S1's statements, the Privacy Investigation Report and the suspension letters, but the hostile work environment conclusion does not address claims 4–11, 13 and 14 individually. The garbled claim list (for example, the 12-hour-shift explanation appended to claim 13) also obscures which evidence supports which finding. | rc2: gap: Several material characterizations lack an identified source: the Agency states that all six interviewed coworkers confirmed S1 disclosed nothing, yet the report only cites 'Coworker 4 and other employees'; no statements from Witnesses 12 or 13 appear; 'Witness 2' is never introduced; the privacy letter contains a '[blank]' name; and the discipline letters have unidentified addressees with only handwritten 'Employee 1/2' notations. | rc3: review: Most claims are dated, but the record is internally inconsistent on key dates: claim 2 is placed in May 2018 and then November or December 2017, the SPAR request is dated April 8 and April 12, S1 cites an April 9 email, and the letter cites a June 18 email; claim 14 has unspecified dates. | rc4: review: The record shows the applicable frameworks (partial acceptance, disparate treatment and harassment analyses, a final decision under 29 C.F.R. § 1614.110(b)) and some weighing of Complainant's supplemental affidavit and witness credibility, but no deciding official is identified. It also both affirms dismissal of part of claim 7 and says that claim was accepted into the harassment claim without reconciling the two. | rc5: gap: An independent reviewer would need outside context to resolve the unsourced witness confirmations, unidentified disciplined employees, conflicting dates and misnumbered claims. The Agency's statement that both coworkers accessed records 'to find out when she would be out for surgery' also does not match the report's documented reasons, so the record does not stand on its own.","D2 Identified witnesses not interviewed, or non-responses not pursued; D1 Decision-maker or responsible official not examined, or not under oath; D9 Notice and timing of management's knowledge not established",,
S013-09,S,"rc1: review: The Agency's reasoning on claims 1, 2, 3, 12 and hostile work environment is traceable to cited statements and the Privacy Investigation Report, but the record gives no findings or reasoning for claims 4-11, 13 and 14, and the appellate conclusion is removed. | rc2: review: Many characterizations are attributed (S1's statements, the July 1, 2019 letter, the Privacy Investigation Report, Complainant's testimony), but others are not, such as the unnamed employee in claim 12, the 'undisputed evidence' on claim 1, and discipline letters sent to unidentified addressees. | rc3: review: Many events carry dates (April 8-12, 2019; June 18, 2019; July 1, 2019; Sept 4-5, 2019), but claim 14 is undated, the claim 2 date shifts between May 2018 and Nov/Dec 2017, and the dates of the ORM acceptance notice, the investigation report and the final decision are not given. | rc4: review: The record names the ORM and Agency as decision-makers and states the disparate-treatment and hostile-environment frameworks, and it shows Complainant's and S1's accounts being weighed, but no individual reviewers are identified, the ORM dismissal basis is given only as 'failure to state a claim', and no decision dates appear. | rc5: gap: An independent reviewer could not assess support for the conclusion without outside context, because the appellate outcome is removed, claims 4-11, 13 and 14 have no stated resolution, and the identities and mapping of coworkers, witnesses (Witness 1, 2, 12, 13) and disciplined employees are unclear or blank. | remediation: The record would need the underlying source documents (the Privacy Investigation Report, the ORM notice, the final decision and the discipline letters) with dates, named or consistently coded reviewers and recipients, and an explicit finding and rationale for each accepted claim. It would also need a single reconciled timeline that resolves the conflicting dates and the witness numbering.","D2 Identified witnesses not interviewed, or non-responses not pursued; D1 Decision-maker or responsible official not examined, or not under oath; D9 Notice and timing of management's knowledge not established",,
S013-09,T,"basis_identification: pass: Each numbered claim (1-14) is grounded in specific dated incidents, witness accounts, documentary evidence (SPAR reports, Privacy Investigation Report, disciplinary letters), and agency findings. | reasoning_traceability: pass: The record traces the decision path from Complainant's allegations through ORM partial acceptance, Privacy Office investigation, disciplinary outcomes, and final agency determination with explicit legal standards applied (disparate treatment, discriminatory animus, Rehabilitation Act). | cold_reviewer_clarity: review: While the chronology is largely reconstructable, multiple redactions (unidentified addressees, blank fields, 'Witness 12/13' anonymization, and 'Employee 1/2' handwritten notations) obscure full evidentiary transparency and prevent complete independent verification years later. | accountability_support: pass: The record contains sufficient documentary support: Privacy Investigation Report with named access dates, SPAR reports with complainant annotations, disciplinary decision letters, witness interviews, and agency findings directly addressing each claim with evidentiary reasoning. | temporal_reconstructability: pass: A clear chronology emerges from November/December 2017 (shift demand, surgery discussion) through June 18, 2019 (privacy complaint email), July 1, 2019 (Privacy Officer letter), September 4–5, 2019 (disciplinary decisions), with specific dates and intervals documented throughout. | remediation: The record would require completion of all redacted identifiers (unidentified addressees, blank employee names, handwritten 'Employee' notations) and explicit cross-referencing of anonymized witnesses to support cold-reviewer reconstruction and accountability. The vague reference in item 8 to an email allegation needs supporting documentation or clarification of disposition.","D2 Identified witnesses not interviewed, or non-responses not pursued; D1 Decision-maker or responsible official not examined, or not under oath; D9 Notice and timing of management's knowledge not established",,
S013-10,P,"rc1: review: Several conclusions can be traced to testimony, such as S1A's account of the telework hardship and the leave restriction rationale, but the ROI omits the DRAD file, medical records, leave records and FMLA file, so the path from evidence to conclusion is broken at key points. | rc2: review: Most characterizations are attributed to named sources (Complainant, S1A, S1B, EOD, DRAD1), but attendance and absenteeism claims, the PIP, and the HR recorded-voicemail allegation are not tied to any documents, and S1B's account of HR making the leave-restriction decision rests on recollection. | rc3: review: Many events are dated (Dec 21, 2017 request; Feb 9, 21 and Jun 4, 14, 2018 DRAD steps; Jun 7, 2018 leave restriction), but the sequence is muddled by conflicts over whether the PIP was imposed Sept 2017, when S1B became supervisor (April 2018 vs. other references), and whether the FMLA request was June or August 2018. | rc4: review: The leave restriction names consultation with EOD and S1B and cites excessive absence as the rationale, but S1B attributes the decision to HR, the threshold applied is not documented, and there is no record that Complainant's responses were considered before finalization. | rc5: gap: Missing DRAD, FMLA and leave records, contradictory accounts of who decided the leave restriction and when the FMLA request arrived, and undocumented criteria mean an independent reviewer could not assess support for the conclusion without outside context.","D4 Relevant documents not obtained (policies, files, records, reports); D6 Reasonable accommodation and interactive process not developed",,
S013-10,Q,"The ROI omits key documents the claims depend on: the DRAD file with Complainant's medical documentation (Claim 1), her leave records (Claims 2 and 3), and the FMLA request file and supporting medical documentation (Claims 4 and 5). Several factual disputes are left unresolved with no corroboration: whether the May 18 leave was denied or charged as LWOP, whether FMLA was submitted in June or August 2018, and the alleged HR voicemail about a second PIP. The record has no testimony from C1, C2, HR, DRAD1, or the HR representative on the recorded voicemail and the 'badgering' allegation. Comparator evidence is absent: FE's telework, other employees' leave restrictions, and who else was excluded from Look Ahead meetings. The September 2017 PIP and leave restriction is also unexplained. Without these, the decision on the merits cannot be reliably evaluated.","D4 Relevant documents not obtained (policies, files, records, reports); D6 Reasonable accommodation and interactive process not developed",,
S013-10,R,"rc1: gap: The final decision says only that Complainant 'failed to prove' discrimination, and the ROI is missing the DRAD file, the medical records, the leave record and the FMLA request file, so a reviewer cannot trace a path from documented evidence to that conclusion. | rc2: review: Most characterizations are attributed to named witnesses (Complainant, S1A, S1B, EOD, DRAD1), but key ones rest only on testimony without the underlying documents, including 'excessive absenteeism' (no leave record), FMLA documentation deficiencies and the inadvertent HR voicemail, and the statement that staff viewed her as 'unreliable' has no attribution. | rc3: review: Many events are dated, from the December 21, 2017 request through the January 25, 2019 follow-up, but there are unresolved inconsistencies: 2016 telework for her mother's illness although she started in November 2016, the FMLA request dated June 2018 by Complainant and August 2018 by EOD, the ambiguous 'On the same day' reference, and the unexplained September 2017 PIP and leave restriction preceding the June 7, 2018 restriction. | rc4: gap: The record does not identify the final decision-maker, the legal criteria applied, or how conflicting accounts were weighed, such as S1A attributing the leave restriction to herself with EOD and S1B while S1B attributes it to HR, and the unresolved outcome of the May 18, 2018 leave request (denied versus charged LWOP). | rc5: gap: Because core documentary evidence is expressly absent from the ROI and the decision's reasoning is not shown, an independent reviewer could not assess from the record alone whether the conclusion is supported on any of the five claims.","D4 Relevant documents not obtained (policies, files, records, reports); D6 Reasonable accommodation and interactive process not developed",,
S013-10,S,"rc1: gap: The record states the Agency's conclusion that Complainant 'failed to prove' discrimination, but the analysis linking evidence to that conclusion is absent, and the ROI is noted as lacking the DRAD file, the leave record, and the FMLA file. | rc2: review: Many characterizations are attributed to named sources (Complainant's affidavit, S1A, S1B, EOD testimony), but others rest on unattributed phrases such as 'the record shows,' 'it appeared from the testimonial record,' and 'it is undisputed,' and the underlying documents are not in the file. | rc3: review: Many events are dated (e.g., December 21, 2017 request, June 7, 2018 leave restriction, August 20, 2018 email), but the narrative is not strictly sequential, the review period is not identified, and dates conflict or are unclear (FMLA request June vs. August 2018; PIP on September 22, 2017 vs. leave restriction on June 7, 2018; 'on the same day' with no antecedent). | rc4: gap: The record does not identify who made the final determination or what criteria applied, and it shows conflicting accounts of who decided the June 7, 2018 leave restriction (S1A says consultation with EOD and S1B, while S1B says HR decided). | rc5: gap: Because the reasoning path, source documents, decision-maker, and criteria are missing or inconsistent, an independent reviewer could not assess from this record alone whether the conclusion is supported by the documented evidence. | remediation: The record would need the Agency's written analysis tying each claim to cited evidence, plus the missing source documents (DRAD file, leave records, FMLA file, PIP and leave-restriction notices). It would also need a consolidated dated chronology that resolves the date conflicts, and documentation of the decision-maker, the applicable criteria, and how Complainant's responses were considered.","D4 Relevant documents not obtained (policies, files, records, reports); D6 Reasonable accommodation and interactive process not developed",,
S013-10,T,"basis_identification: pass: The record identifies bases for each major conclusion: reasonable accommodation denials cite operational needs and job function requirements; leave denials cite leave balance exhaustion and coverage conflicts; harassment claims are grounded in specific incidents (C1 comments, S1A statements, exclusion from meetings) with dates and quoted language. | reasoning_traceability: review: The investigative summary traces evidence to intermediate conclusions (e.g., telework denial tied to S1A's February 2018 assessment of office coverage needs), but the path from assembled facts to the final discrimination determination is absent—the record states 'outcome text removed,' obscuring how findings were weighed against discrimination standards. | cold_reviewer_clarity: review: A reviewer could reconstruct factual sequences and supervisor rationales from the record, but critical evidentiary files are documented as missing: the DRAD file with medical records (referenced as 'does not contain'), FMLA request files, and the leave record itself, all of which are essential to independent verification of accommodation and leave decisions. | accountability_support: review: The record supports some conclusions with specifics (S1A's February 2018 emails on telework hardship, S1B's testimony on coverage strain) but lacks supporting documentation for contested facts (Complainant's medical documentation, actual leave balance records, FMLA form completeness assessments, and the content of the alleged HR voicemail recording). | temporal_reconstructability: pass: Chronology is well-documented: position start (November 2016), first accommodation request (December 21, 2017), multiple decision dates (February 2018, June 7, 2018, August 20, 2018), supervisor transitions, and leave incidents are sequenced with specific dates and intervals clearly marked. | remediation: To achieve full compliance, the record must include or reference the missing DRAD file (with medical documentation), FMLA forms and medical evidence, and leave balance records to permit independent verification of accommodation and leave denials. The final discrimination determination must be explicitly documented to show how evidence was weighed against statutory standards.","D4 Relevant documents not obtained (policies, files, records, reports); D6 Reasonable accommodation and interactive process not developed",,
S013-11,P,"rc1: gap: The record states the Agency concluded Complainant failed to prove discrimination, but it contains no evidence analysis, findings on claims (a), (b), (k)-(q), or reasoning linking evidence to that conclusion. | rc2: review: Some sources are identified (ROI at 49-51, ROI at 246-7, Guy v. Dep't of Energy), but the allegations (k)-(q) are presented only as Complainant's claims with no witness statements or documents attributed, and the 'witness' referenced is unidentified. | rc3: review: Incidents (k)-(q) carry dates from April 15 to August 10, 2018, but they are listed in reverse order, claims (a)-(j) are missing, and the dates of the complaint, counseling, ROI, hearing withdrawal, final decision, and appeal are not given. | rc4: gap: The record does not name the decision-maker or the analytical standard applied, and it does not show whether Complainant's responses were considered; it notes only that the Agency issued a final decision under 29 C.F.R. § 1614.110(b) after the hearing request was withdrawn. | rc5: gap: Without evidence, findings, reasoning, a complete chronology, or decision-process detail, an independent reviewer could not assess whether the 'failed to prove' conclusion is supported without outside context.","D7 Accepted claims or incidents not investigated at all; D1 Decision-maker or responsible official not examined, or not under oath",,
S013-11,Q,"The summary shows no substantive evidence behind the merits finding: no witness statements, comparator information, or management explanations for the accepted claims (a), (b), (k)-(q). The only ROI material is a stray reference to a witness and Complainant reporting to the Inspector General. The agency accepted a hostile work environment theory, yet incidents (c)-(f) and (h)-(j) were set aside as untimely background and claim (g) was dismissed, and the record does not show whether they were considered as part of the overall pattern. The agency also challenged the timeliness of the appeal without a record that it gathered enough information to support a reasoned timeliness determination. The final decision's conclusion cannot be evaluated from this record, so these gaps should be filled before a merits decision.","D7 Accepted claims or incidents not investigated at all; D1 Decision-maker or responsible official not examined, or not under oath",,
S013-11,R,"rc1: gap: The record states only that the Agency 'concluded that Complainant failed to prove that he was subjected to discrimination as alleged,' with no evidence analysis or reasoning connecting the allegations in (k)-(q) to that conclusion, and claims (a)-(j) are referenced but not described. | rc2: review: Some items cite the ROI (at 246-7 and 49-51), and allegations are attributed to Complainant or relayed by an HSS, but the 'witness' who reported to the IG is unidentified, and no source is given for the Agency's merits findings or any management responses. | rc3: review: Incidents (k)-(q) are dated between approximately April 15 and August 10, 2018, though listed in reverse order, but the procedural steps (EEO counseling, ROI issuance, hearing request and withdrawal, final decision, appeal) carry no dates, and the dates of claims (a)-(j) are absent. | rc4: gap: Procedural criteria are noted (claim (g) dismissed for not being raised at counseling, untimely discrete acts treated as background, decision issued under 29 C.F.R. § 1614.110(b)), but no decision-maker is identified, no merits standard is stated, and there is no indication that SHSS's explanations or Complainant's responses were weighed. | rc5: gap: Because the reasoning, decision-maker, management evidence, and descriptions of claims (a)-(j) are missing and the text is truncated, an independent reviewer could not determine from this record whether the no-discrimination finding is supported.","D7 Accepted claims or incidents not investigated at all; D1 Decision-maker or responsible official not examined, or not under oath",,
S013-11,S,"rc1: gap: The Agency's conclusion that Complainant 'failed to prove that he was subjected to discrimination as alleged' is stated without any connected evidence or analysis, and claims (a)-(j) are missing, so the path from evidence to conclusion cannot be traced. | rc2: review: Some characterizations cite sources (e.g., 'Report of Investigation at 246-7', 'ROI at 49-51'), but the incident allegations k)-q) are Complainant's assertions with no independent source, and the 'witness' referenced is unidentified. | rc3: review: Incidents k)-q) carry dates running from April 15 to August 10, 2018 and are listed in reverse order, but the dates of complaint filing, counseling, ROI, hearing withdrawal, final decision, and appeal are absent, so the procedural chronology is not followable. | rc4: gap: The record does not identify who made the Agency's final decision or reviewed the ROI, what standard was applied beyond a cited regulation, or what Complainant's or SHSS's responses were; it only notes the timeliness dismissal of claim (g) and treatment of (c)-(f) and (h)-(j) as background. | rc5: gap: Claims (a)-(j) are truncated, the evidence behind the Agency's finding is absent, and the text cuts off mid-citation ('EEOC Request No.'), so an independent reviewer could not assess whether the conclusion is supported without outside context. | remediation: The record would need the full claim list, the ROI evidence cited for each claim with identified sources, and a dated timeline from the first incident through the final decision and appeal. It would also need the identity of the decision-maker, the criteria applied, and documentation that Complainant's and SHSS's responses were considered before the finding was finalized.","D7 Accepted claims or incidents not investigated at all; D1 Decision-maker or responsible official not examined, or not under oath",,
S013-11,T,"basis_identification: pass: Each alleged incident (a through q) is identified with specific dates, actors (SHSS, HSS, Chief), locations (Walter Reed), and alleged conduct, providing clear factual bases for investigation acceptance and dismissal decisions. | reasoning_traceability: review: The record traces the Agency's decision to accept claims (a), (b), (k)-(q) and dismiss others based on timeliness and counseling-stage criteria, but the rationale for why certain incidents were deemed untimely 'discrete claims' versus acceptable 'background information' is stated without detailed legal analysis. | cold_reviewer_clarity: review: A reviewer unfamiliar with the case could identify what happened and when, but would struggle to understand the Agency's application of timeliness rules to distinguish actionable from background incidents without additional regulatory or precedential context beyond the snippet provided. | accountability_support: review: The record documents alleged incidents with dates and witnesses (ROI citations at 246-7, 49-51), but does not include the investigator's findings of fact, credibility assessments, or documentary evidence (e.g., the June 21 email mentioned in claim m), limiting evidentiary sufficiency for the final Agency conclusion. | temporal_reconstructability: pass: A clear chronological sequence emerges from April 15, 2018 (claim p) through August 10, 2018 (claim q), with intermediate dates for each incident (May 1, June 19, June 21, June 25, July 10), and post-investigation milestones (ROI issuance, hearing request, withdrawal, final decision) allowing full timeline reconstruction. | remediation: A compliant version would integrate the full Report of Investigation findings (credibility determinations, document analysis, witness statements) and explicitly state the legal standard and application for distinguishing timely claims from background-only allegations, enabling independent verification of the Agency's dismissal and acceptance rationale.","D7 Accepted claims or incidents not investigated at all; D1 Decision-maker or responsible official not examined, or not under oath",,
S013-13,P,"rc1: review: The record cites the policy, both Form 50s, resumes and testimony, but it ends with a bare conclusion that Complainant 'failed to prove' discrimination and never explains why Coworker got 8% and Complainant 5% within the policy's 3%-8% band. | rc2: review: Most characterizations carry ROI or brief page cites, but the Manager's reason for approving 8% ('HR knowledge and experience') comes only through Business Partner's account, and the Manager's own statement and any contemporaneous approval document are not identified. | rc3: review: Key dates are given (policy June 13, 2015; 2019 prior selection; effective date July 17, 2021; EEO contact August 31, 2021; complaint November 17, 2021), but the dates of the Manager's approval, the ROI, the hearing notice and the FAD, and the dates of Coworker's detail and training, are missing. | rc4: gap: The record does not identify who decided the FAD, what standard or analysis was applied, or whether Complainant's claims about experience, education and training, or the budget and approval statements attributed to Business Partner, were weighed before the conclusion was reached. | rc5: gap: An independent reviewer could not assess from this record alone whether the conclusion is supported, because the decision-making rationale for the 5% versus 8% difference and the FAD's reasoning are absent, so outside context would be needed.","D1 Decision-maker or responsible official not examined, or not under oath; D3 Comparator evidence missing; D5 Management's stated reason not explained or supported; D8 Failed attempts to obtain evidence not documented",,
S013-13,Q,"The record leaves material questions open. The decisive issue is why Coworker got 8% and Complainant 5%, but the Manager who approved the 8% increase is not shown to have been interviewed or to have given an affidavit; the account of his or her reasoning comes only from Business Partner. The ""HR knowledge and experience"" rationale is not documented against the 2-factor policy, which allows 3-8% in this band and sets no experience criterion. Complainant's claim of greater education and experience and her budget-approval allegation (a named individual) are not resolved, and that individual is not shown to have been questioned. The Form 50 salary base figures and the other 2019 selectee's pay are not compared in the record, and the 2019 comparator (YOB 1976) is far from comparable. Protected-activity knowledge for the reprisal claim is not addressed (reprisal is premised on the complaint itself). The FAD only states a conclusion of no proof, so the record cannot support a reliable merits decision until these gaps are filled.","D1 Decision-maker or responsible official not examined, or not under oath; D3 Comparator evidence missing; D5 Management's stated reason not explained or supported; D8 Failed attempts to obtain evidence not documented",,
S013-13,R,"rc1: gap: The FAD's conclusion that Complainant 'failed to prove' discrimination is stated without reasoning, so the record does not connect the evidence to it, including the 8% raise approved on 'HR knowledge and experience' when the policy recognizes only two factors. | rc2: review: Most facts carry ROI page cites, but the Form 50 remarks are sourced to Complainant's Appeal Brief rather than the ROI, Manager's rationale comes only through Business Partner's account, and the claim that ages were 'readily known' to management has no attributed source. | rc3: review: Key dates appear in order (2015 policy, 2019 prior selection, the ten-month detail, July 17, 2021 effective date, August 31 contact, November 17 complaint), but the dates of the salary offer, the ROI, the hearing-rights notice and the FAD are not given. | rc4: gap: The record does not name the FAD decision-maker, state the legal framework or criteria applied, or show that Complainant's qualification and training comparisons, the policy-factor conflict, or the facially anomalous reprisal basis (the instant complaint itself) were weighed before finalization. | rc5: gap: With no reasoning connecting evidence to conclusion, no documented decision process, and partly secondary sourcing for key pay documents, an independent reviewer cannot assess from the record alone whether the no-discrimination finding is supported.","D1 Decision-maker or responsible official not examined, or not under oath; D3 Comparator evidence missing; D5 Management's stated reason not explained or supported; D8 Failed attempts to obtain evidence not documented",,
S013-13,S,"rc1: gap: The record cites extensive evidence (Form 50s, policy table, resumes, ROI pages) but ends with the FAD finding that Complainant 'failed to prove' discrimination, with no stated reasoning linking that evidence to the conclusion. | rc2: review: Most characterizations are attributed ('According to Complainant,' 'According to Business Partner,' ROI page cites), but some material statements, such as ages being 'readily known to the Responsible Management Officials' and Complainant being told she would receive 5%, carry no source. | rc3: review: Key dates are given (July 17, 2021 effective date, August 31, 2021 EEO contact, November 17, 2021 complaint, the 2019 prior selection), but the dates of the investigation, ROI delivery, hearing deadline, FAD and appeal are missing, and the '32 months' stated for July 3, 2004 to March 30, 2007 does not clearly match the dates. | rc4: gap: The record does not identify who issued the FAD, the standard or criteria applied, or whether Complainant's and Business Partner's responses were weighed, and the 'named individual' whose approval was needed is not identified. | rc5: gap: Because the reasoning, reviewer and decision criteria behind the FAD conclusion are absent, an independent reviewer could not assess whether the conclusion is supported without outside context. | remediation: The record would need the FAD's analysis connecting the cited evidence to its conclusion, the identity of the deciding official and the standard applied, and a note on how the parties' responses were considered. It would also need a dated timeline of the investigation, ROI delivery, hearing window, FAD and appeal, with source cites for the unattributed statements.","D1 Decision-maker or responsible official not examined, or not under oath; D3 Comparator evidence missing; D5 Management's stated reason not explained or supported; D8 Failed attempts to obtain evidence not documented",,
S013-13,T,"basis_identification: pass: The record explicitly identifies the basis for the salary disparity decision: the June 13, 2015 Postal Service promotional pay policy tied to distance from maximum salary and grades promoted, with both factors documented in Form 50 remarks and policy attachment (ROI at 86-87). | reasoning_traceability: pass: The decision process is traceable from evidence (both employees promoted from EAS-19 to EAS-21, both with pre-promotion salaries 10%-20% from grade maximum, falling within 3%-8% range) through policy application to outcome (5% vs. 8% increase), with Business Partner's stated rationale for Coworker's higher increase documented at ROI 77, 79, 92, 100. | cold_reviewer_clarity: review: While the policy and Form 50 documentation provide clear evidence, the record does not explicitly state which policy factor (distance from max or grade levels) determined each individual's increase, leaving ambiguity about whether both employees fell within identical policy bands or whether different factors applied to each. | accountability_support: review: The record documents the policy framework and Business Partner's stated basis (Coworker's HR knowledge and experience), but does not provide documented evidence of how Coworker's 'HR knowledge and experience' was assessed, evaluated, or compared against Complainant's documented credentials (bachelor's degree, 3+ years troy experience, 32 months prior HR specialist role). | temporal_reconstructability: pass: Key dates are provided: detail assignment (10 months prior to July 17, 2021 selection), promotion effective July 17, 2021, EEO contact August 31, 2021, complaint filed November 17, 2021, and prior comparator hired in 2019, establishing a clear chronological sequence. | remediation: The record requires explicit documentation of which policy factors (distance from maximum or grade levels promoted) applied to each employee's calculation, and contemporaneous documentation of how management evaluated and compared the candidates' qualifications against the stated basis of 'HR knowledge and experience' for the differential increase decision.","D1 Decision-maker or responsible official not examined, or not under oath; D3 Comparator evidence missing; D5 Management's stated reason not explained or supported; D8 Failed attempts to obtain evidence not documented",,
S013-16,P,"rc1: review: The path from evidence to conclusion is partly traceable (ROI page cites, witness testimony, pretext analysis), but several findings such as the Manager's drinking being unsupported by preponderant evidence and the claim that incidents 1-4 and 6-11 lacked a protected-class link are stated without the underlying evidence being shown. | rc2: review: Many characterizations carry ROI page cites and named roles (Witness 1, Witness 2, Medical Provider), but the intoxication accounts are attributed only to unnamed 'witnesses' and the claim that 'management officials testified' no similar conduct existed names no declarant or ROI page. | rc3: review: Key dates are given (Oct 24, 2020; Dec 2020; Dec 3, 2020 and May 5, 2021 violations; May 13 SOT; May 14 reprimand) but the order is muddled, with the May 14 reprimand described before the May 13 SOT, and the dates of the complaint, investigation, hearing withdrawal and final decision are missing. | rc4: gap: The record does not identify who authored the Agency decision or how the numbered claims 1-11 map to the incidents, and it never shows whether the Manager's alleged conduct or the Witness 1 and 2 reports were considered or whether Complainant's denial was weighed beyond the deciding official's belief that she did not accept responsibility. | rc5: gap: A reviewer without outside context could not evaluate the conclusion, since claims 1-11 are never enumerated, the alleged comparators and the Manager's drinking are not documented, and the prior EEO activity and the officials' lack of knowledge of it are asserted rather than shown.","D10 Evidence left in equipoise; remanded for a hearing rather than a supplemental investigation",,
S013-16,Q,"The record does not show that key evidence was gathered on the central allegations. Claim 5 (sexual comments) rests on Witness 1's reported apology and Complainant's report to Witness 2, yet no testimony from either is described. The Agency instead says she did not raise the concern until May 14, 2021, which conflicts with her account of reporting to Witness 2. The Manager's own account of the comments, the Subordinate's account, and the Manager's alleged drinking (the comparator claim) are not shown to have been investigated. The Agency rejected the comparator argument as unsupported by preponderant evidence, but no inquiry into the Manager's conduct appears. The alleged denial of shared-drive access and the claim that she was held to a higher standard than male colleagues also have no described inquiry. Complainant withdrew her hearing request, so there was no adversarial testing of these points. The decision therefore cannot be evaluated against a complete record, and the gaps should be filled before a merits decision.","D10 Evidence left in equipoise; remanded for a hearing rather than a supplemental investigation",,
S013-16,R,"rc1: gap: The path from witness evidence to the reprimand and SOT conclusions is traceable, but the harassment conclusions for 'incidents 1-4, and 6-11' and 'claims 9 and 10' rely on a claim list never set out in the record, and 'event 7' (the Medical Provider and the May 6, 2021 visit) has no supporting background, so those conclusions cannot be reconstructed. | rc2: review: Complainant's allegations and the alcohol-policy witness accounts carry ROI page cites (e.g., ROI at 124-5, 147, 248-9), but the analysis-stage characterizations have no record citations, including 'Management officials testified that there were no other officers who engaged in similar behavior,' the Medical Provider testimony, and the finding that concerns were first raised May 14, 2021. | rc3: review: Key events are dated (October 24, 2020; December 2020; December 3, 2020; May 5, 13 and 14, 2021), but the record gives no dates for Complainant's prior EEO activity, her complaint filing, or the hearing withdrawal, and the claimed first-complaint date of May 14, 2021 is not reconciled with her reported disclosure of the October 2020 conversation to Witness 2. | rc4: review: The criteria applied are stated (prima facie elements, pretext, the hostile and abusive harassment standard) and Complainant's rebuttal about the Manager's drinking was considered, but the final-decision maker and the 'responsible management official' are not identified, and the record does not show that Complainant's report to Witness 2 was weighed on claim 5. | rc5: gap: An independent reviewer could evaluate the alcohol-policy discipline from the record. The record cannot stand alone on the harassment claims because of the undefined claim numbering, the unexplained event 7, the uncited management testimony, and the unresolved conflict over when Complainant first raised the Manager's comments.","D10 Evidence left in equipoise; remanded for a hearing rather than a supplemental investigation",,
S013-16,S,"rc1: review: The record states the Agency's conclusion and its reasoning (no prima facie case, legitimate reason for the actions, no pretext), but the underlying evidence is only summarized with ROI page cites and is not in the file, so a reviewer cannot trace evidence to conclusion from the record alone. | rc2: review: Many characterizations carry ROI page cites and role-based identifiers (Manager, Witness 1, Chief), but statements such as 'Management officials testified that there were no other officers who engaged in similar behavior' and 'the record showed that Complainant did not raise any concerns... until May 14, 2021' have no named source or citation. | rc3: review: Key dates are given (October 24, 2020; December 3, 2020; May 5, 13 and 14, 2021), but the SOT on May 13 is described as 'subsequent' to a reprimand dated May 14, and the dates of the EEO activity, the investigation, the hearing withdrawal and the final decision are absent. | rc4: review: The applicable framework (prima facie case, legitimate reason, pretext, harassment standard) is visible and Complainant's counter-argument about the Manager's drinking is addressed, but the Agency decision-maker is unnamed and the responsible management official for the SOT and reprimand is not identified. | rc5: review: An independent reviewer could follow the general logic, but the record depends on the unattached ROI and on undefined references ('claims 9 and 10', 'incidents 1-4, 6-11', 'event 7') and so cannot be fully assessed without outside context. | remediation: The record would need the cited ROI excerpts or testimony attached, with named or role-identified sources and citations for each material finding, and a definition of each numbered claim and incident. It would also need a dated timeline (EEO activity, SOT, reprimand, investigation, final decision) and identification of the reviewing officials.","D10 Evidence left in equipoise; remanded for a hearing rather than a supplemental investigation",,
S013-16,T,"basis_identification: pass: The record identifies specific bases for the Agency's conclusions: witness testimony regarding alcohol policy violations (ROI at 147, 248-9), management testimony that no similarly situated employees engaged in similar behavior, and temporal evidence that sexual harassment complaints were not raised until May 14, 2021. | reasoning_traceability: pass: The decision traces the investigative pathway from alleged incidents (with ROI citations), through witness testimony and documentation, to the Agency's application of prima facie case elements and pretext analysis, showing the logical progression from evidence to legal conclusion. | cold_reviewer_clarity: review: While the record references specific ROI pages and witness accounts, a reviewer years later would struggle to independently verify claims without access to the underlying ROI documents, and the summary compresses multiple complex allegations into narrative form without granular detail on each investigative finding. | accountability_support: pass: The evidentiary support is sufficient for the Agency's conclusions: multiple witnesses testified to specific conduct (intoxication, profanity, aggressive statements with dates and locations), management officials provided testimony on discipline standards, and the record documents the temporal gap between conduct and complaint filing. | temporal_reconstructability: pass: The record establishes a clear chronology: October 24, 2020 (Manager conversation), December 2020 (meeting with Subordinate), December 3, 2020 and May 5, 2021 (alleged alcohol policy violations), May 13, 2021 (sent home short-of-tour), May 14, 2021 (Letter of Reprimand issued), and May 14, 2021 (sexual harassment complaint filed). | remediation: The record would benefit from explicit citation to specific witness identities and direct quotations from the underlying ROI for the most contested allegations, and clarification of which claims were investigated versus dismissed at the pleading stage.","D10 Evidence left in equipoise; remanded for a hearing rather than a supplemental investigation",,
S013-17,P,"rc1: gap: The Agency's conclusions are stated without a documented path from evidence: the no-animus and not-severe-or-pervasive findings are conclusory, and the 'factor other than sex' finding on CW1 and CW2 pay rests on assertions (CW1 already at full performance level, CW2's longer service) that are not tied to cited pay-setting records, even though the Agency also found the three performed substantially the same work. | rc2: review: Complainant's and management's accounts are mostly tied to ROI Bates pages (e.g., 'Id. at 449', 'Id. at 160-163'), but the Agency's own findings cite no sources, and the wording of the mid-year review is sourced to affidavits (415-416) rather than the review document itself. | rc3: review: Most events are dated and sequential (Jan. 11, 2017 through Sept. 3, 2018), but the dates when CW1 and CW2 reached full performance level and when their salaries were set are missing, claim 9 (Aug. 22, 2018) has no narrative support, and the Code 41250 transfer and Afloat Networks transfer both carry March 18, 2018. | rc4: gap: The summary does not name who drafted or reviewed the final decision, applies only generic legal frameworks (hostile work environment, EPA) with no individual analysis of claims 1-9, and does not show whether Complainant's rebuttals (e.g., the emailed PDA documents, the unexplained 5.1/4.0 versus 9/7 rating scales) were weighed. | rc5: gap: Because reconstructability and decision-process documentation are deficient, an independent reviewer could not assess from this record alone whether the no-discrimination and EPA affirmative-defense conclusions are supported without going back to the full ROI and outside context.","D1 Decision-maker or responsible official not examined, or not under oath; D3 Comparator evidence missing; D4 Relevant documents not obtained (policies, files, records, reports); D5 Management's stated reason not explained or supported",,
S013-17,Q,"The record has material gaps. Third-party witnesses (CW1, CW2, CW3, Division Head, HR/pay-setting officials) are not shown to have been interviewed; the account rests almost entirely on the Branch Supervisor and Deputy of Operations, the officials accused. There is no pay-setting or HR documentation on how CW1, CW2 and CW3 were placed in the band, and the EPA defense is asserted rather than evidenced. The agency's reasoning on CW1 (back-fill, 'full performance level') conflicts with its finding that the work was substantially the same, and CW3 is never analyzed. The CW2 tenure rationale is also untested: Complainant had 17 years of service and says she held higher positions, and the record shows no comparison of actual qualifications or pay history. Comparator evidence for the PDA and rating claims (CW2's PDA, rating distributions, other employees' ratings) is thin. Complainant's evidence of good performance and the PDA email/technical-issue dispute are not resolved. The finding of no discriminatory animus and no severe or pervasive harassment rests on this incomplete evidence.","D1 Decision-maker or responsible official not examined, or not under oath; D3 Comparator evidence missing; D4 Relevant documents not obtained (policies, files, records, reports); D5 Management's stated reason not explained or supported",,
S013-17,R,"rc1: review: The EPA affirmative-defense reasoning (CW1's full-performance status, CW2's federal service since 1990) can be partly traced, but the hostile-work-environment and no-animus conclusions are stated without linking them to specific evidence, and the discrete acts (the 4.0 rating, the PDA, the February 2018 review) are not separately analyzed. | rc2: review: Most characterizations carry ROI Bates citations, but several do not: the Deputy of Logistics' statement that 'it was reported' Complainant did below-grade work names no source, and the Agency's findings (CW2 in federal service since 1990, CW1 already at full performance level, the Branch Supervisor's admissions on equal work) are uncited. | rc3: pass: Events are dated and ordered from the January 11, 2017 mid-year review through the March 18, 2018 transfer and the September 3, 2018 complaint, with the rating period (ending June 30, 2017) identified; one gap is that the record does not say when the transfer was requested, though it was the stated reason for the October 2017 CW1 training. | rc4: review: The legal standards are named (severe or pervasive harassment, EPA prima facie case, factor other than sex), but no decision-maker is identified and there is no indication that Complainant's rebuttal evidence was weighed, including her claimed 17 years of service, her prior senior roles, her evidence of excellent performance, and her explanation of the PDA email failure. | rc5: review: An independent reviewer could follow the facts but could not fully test the conclusions, because the factor-other-than-sex defense rests on uncited service-time assertions that conflict with Complainant's account, the hostile-work-environment finding is conclusory, and claim 9 has no recorded management response.","D1 Decision-maker or responsible official not examined, or not under oath; D3 Comparator evidence missing; D4 Relevant documents not obtained (policies, files, records, reports); D5 Management's stated reason not explained or supported",,
S013-17,S,"rc1: review: The record gives cited evidence and the Agency's conclusions (e.g., CW1 had already reached full performance level in ND-04, CW2 had more federal service), but the hostile work environment finding of no animus and no severe or pervasive conduct is stated without tracing it to specific evidence, and the underlying ROI is not in the file. | rc2: review: Most assertions carry ROI page cites (e.g., 'Id. at 449', 'Id. at 478'), but some are unattributed, such as the Deputy of Logistics' 'it was reported' statement, the comparability of education and experience, and CW2's 1990 federal start date. | rc3: pass: Events are dated and largely sequential (Jan 11, 2017 review through Oct 2017 PDA steps, Feb 15 and Mar 18, 2018, and the Sept 3-4, 2018 complaint), and the rating period ending June 30, 2017 is identified, although the Agency final decision itself is undated. | rc4: review: The Agency's criteria are named (EPA prima facie case, 'severe or pervasive' standard) and management responses are summarized, but the individual or office that issued the final decision is not identified and the record does not show how the responses were weighed before finalization. | rc5: review: The record cannot be evaluated on its own because it is a secondary summary with outcome text removed that points to ROI pages not included, and the gaps in rc1, rc2 and rc4 mean an independent reviewer would need outside context. | remediation: The record would need the cited ROI excerpts or an index tying each finding to its source, along with the date and identified decision-maker of the Agency final decision. It would also need a documented link from the evidence and the responses considered to each conclusion, especially the hostile work environment finding.","D1 Decision-maker or responsible official not examined, or not under oath; D3 Comparator evidence missing; D4 Relevant documents not obtained (policies, files, records, reports); D5 Management's stated reason not explained or supported",,
S013-17,T,"basis_identification: pass: Each factual assertion is tied to source documentation (ROI page citations, Bates numbers, specific dates), and the Agency's final decision reasoning explicitly identifies the bases for its discrimination and pay-discrimination findings. | reasoning_traceability: pass: The decision pathway is traceable: prima facie case elements are established (job similarity, pay disparity), the Agency acknowledges this, then applies the affirmative defense (full-performance level attainment, federal service tenure) to rebut, with each step documented. | cold_reviewer_clarity: pass: A reviewer without prior knowledge can reconstruct the operative facts, the eleven complaints, the Agency's findings on each, and the legal framework (EPA, hostile work environment standard) entirely from the record text. | accountability_support: review: While the record documents the Agency's conclusions and cites comparator data (CW1, CW2 salaries, federal service tenure), the evidentiary basis for the Agency's factual assertion that CW1 'had already attained the full-performance level' when identified as back-fill is stated but not detailed with supporting documentation or rating records. | temporal_reconstructability: pass: The chronology is clearly laid out with specific dates for each incident (January 11, 2017 mid-year review; June 15, 2017 meeting; September 11, 2017 rating; October 17–26, 2017 PDA sequence; February 15, 2018 review; March 18, 2018 transfer; June 13, 2018 discovery; September 3–4, 2018 complaint filing). | remediation: The record meets four of five conditions fully. To address the accountability_support gap, add explicit citation to or summary of CW1's performance rating record and the specific date he attained full-performance level status, and document the Agency's source for the federal service tenure dates cited for CW2 and Complainant.","D1 Decision-maker or responsible official not examined, or not under oath; D3 Comparator evidence missing; D4 Relevant documents not obtained (policies, files, records, reports); D5 Management's stated reason not explained or supported",,
S013-19,P,"rc1: review: Evidence and conclusions are both present, but the final decision's path from evidence to conclusion is thin: the stated legitimate reasons for claims 2 and 3 are not reconciled with contrary evidence such as the Nurse Manager's statement that the reassignment looked unjustified and the internal report finding S1 falsely accused Complainant of assault. | rc2: pass: Most characterizations are tied to ROI page cites (e.g., ROI at 106-109 for the leave memo, 197 for the Nurse Manager's statement, 399-401 for the fact-finding report), though a few events, such as the March 5 notice and the February 16 email, carry no or inconsistent citations. | rc3: review: Most events are dated in order from the December 12, 2017 injury to the final decision, but the final decision date is missing, the notice cites 'March 1, 2019' (likely a typo for 2018), and the EEO counselor contact date (March 13, 2018) is given only in the agency's reasoning. | rc4: gap: The record does not identify who authored the final decision or who decided the reassignment and AWOL charges beyond S1, and it does not show that the Complainant's responses or the internal fact-finding report were weighed before the agency finalized its decision. | rc5: gap: Because the decision-process documentation is absent and the agency's rationale conflicts with unaddressed evidence (the comparator nurse, the Nurse Manager's statement, the fact-finding report), an independent reviewer could not assess whether the conclusion is supported without outside context.","D3 Comparator evidence missing; D4 Relevant documents not obtained (policies, files, records, reports); D7 Accepted claims or incidents not investigated at all",,
S013-19,Q,"The record has material gaps that should be filled before a merits decision. The agency's own Preliminary Fact-Finding Report found that S1 falsely accused Complainant of assault and that staff feared S1's retribution, yet the final decision does not address it. A Nurse Manager said the light-duty comparator was treated differently without explanation and called the reassignment suspicious and unjustified, and the decision's pretext analysis does not engage with that. The record shows no testimony from S1 or the comparator, no age or disability comparator analysis, and no inquiry into whether the MSA position conflicted with the medical restrictions. The Employee Health release slip bearing on the AWOL charge is not examined. Claim 4 (the medical retirement remark) is never analyzed. The reprisal finding rests on a narrow view of protected activity, with no look at earlier EEO activity or at harassment as a whole. Claim 1 was dismissed, though it is part of the harassment pattern.","D3 Comparator evidence missing; D4 Relevant documents not obtained (policies, files, records, reports); D7 Accepted claims or incidents not investigated at all",,
S013-19,R,"rc1: gap: The final decision's path from evidence to conclusion is incomplete: it rests on S1's stated reasons for claims 2 and 3, but it does not engage the documented comparator light-duty nurse, the Nurse Manager's statement calling the reassignment 'suspicious and unjustified' (ROI 197), or the fact-finding report that S1 falsely accused Complainant (ROI 399-400), and it does not address harassment claim 4 at all. | rc2: review: Most characterizations carry ROI page cites, but several material points have none, including the Employee Health release slip ('According to Complainant'), the March 5, 2018 automated AWOL notice, Complainant's refusal of the phone-room assignment, S1's alleged medical-retirement remark in claim 4, and the March 13, 2018 EEO Counselor contact date relied on in the decision. | rc3: review: Events from December 12, 2017 through June 7, 2018 are dated and mostly in order, but the AWOL notice cites 'March 1, 2019' while claim 2 says March 1, 2018, the dates of ROI transmittal and the final decision are not given, and whether a hearing was requested is not stated. | rc4: gap: The record does not identify who issued the final decision, it does not show whether the February 14, 2018 grievance-meeting accusation of retaliation was weighed in fixing the protected-activity date of March 13, 2018, and it does not document that the Agency considered the comparator, Nurse Manager, or internal fact-finding evidence before finalizing, beyond reporting the applied framework (prima facie case, legitimate reasons, pretext). | rc5: gap: Because the decision omits a claim, leaves material contrary evidence unaddressed, contains an unresolved date discrepancy, and does not identify the decision-maker or show that responses were considered, an independent reviewer could not determine from the record alone whether the conclusion is supported.","D3 Comparator evidence missing; D4 Relevant documents not obtained (policies, files, records, reports); D7 Accepted claims or incidents not investigated at all",,
S013-19,S,"rc1: review: The Agency's final-decision conclusions on claims 2 and 3 are stated with reasons, but the supporting evidence is only pin-cited to the ROI (e.g., 'ROI, at 106-109') and not included, and the stated reasoning does not address the comparator nurse evidence, the Nurse Manager's statement, or the fact-finding finding that S1 falsely accused Complainant. | rc2: review: Most characterizations carry ROI page cites or attributions ('According to Complainant', 'A Nurse Manager also averred'), but several are uncited (e.g., Complainant declining the phone room, the February 22 reassignment email, the March 5 automated notice) and the narrative adopts 'falsely accusing' in the narrator's own voice. | rc3: review: Most events are dated and ordered from December 12, 2017 through the June 7, 2018 acceptance/dismissal notice, but the notice refers to 'March 1, 2019' amid 2018 events, and the dates of the ROI, the hearing election, and the Agency final decision are not given. | rc4: gap: The record does not identify who made the final decision or who decided the reassignment beyond S1, does not state the threshold behind the leave restriction beyond the 25% absence figure, and does not show that the Nurse Manager's statement or the fact-finding report was considered before the Agency finalized its decision. | rc5: gap: The record depends on the unattached ROI for its underlying evidence, has no identified decision-maker or decision criteria for the personnel actions, and has had the outcome text removed, so an independent reviewer could not assess from the record alone whether the conclusion is supported. | remediation: The record would need the cited ROI excerpts attached or reproduced, with each uncited statement tied to a source, and the date discrepancy corrected along with dates for the ROI and final decision. It would also need to identify the decision-makers for the leave restriction, the reassignment, and the final decision, state the criteria applied, and show how the comparator evidence and the fact-finding report were considered.","D3 Comparator evidence missing; D4 Relevant documents not obtained (policies, files, records, reports); D7 Accepted claims or incidents not investigated at all",,
S013-19,T,"basis_identification: pass: Each major action (leave restriction, reassignment, AWOL charge, final decision) is tied to specific dates, documents, and stated rationales: e.g., January 8 memorandum cited at ROI 106-109; February 22 reassignment stated as response to medical restrictions; March 5 AWOL notice generated by automated system. | reasoning_traceability: pass: The record traces the decision pathway from initiating event (shoulder injury December 12, 2017) through supervisor actions (leave restriction, reassignment, AWOL charge) to final EEO agency determination, with intermediate steps (grievance filing, investigation, preliminary report) and their dates marked. | cold_reviewer_clarity: review: A cold reviewer can reconstruct most events and timeline, but the record conflates the investigative summary with appellate outcome; the internal May 14, 2018 Preliminary Fact-Finding Report concludes S1 falsely accused Complainant of assault, yet the Agency's final June 7, 2018 decision dismisses discrimination claims—the basis for this discrepancy is not explicit in the background section alone. | accountability_support: review: Evidence supports the actions taken (leave restriction based on 25% absence rate, reassignment based on physician note), but the record notes a comparator Nurse on light duty who was not reassigned, and the May 14 investigation found the assault accusation false—yet the final decision's reliance on 'legitimate, nondiscriminatory reasons' does not directly address why the false accusation and apparent disparate treatment of comparators did not constitute retaliation. | temporal_reconstructability: pass: All material events are dated: injury (Dec 12, 2017), leave restriction (Jan 8), medical note (Jan 23), grievance (Feb 2), grievance meeting (Feb 14), reassignment proposal (Feb 16), reassignment directive (Feb 22), door incident (Feb 27), AWOL notice (Mar 5), EEO complaint (Apr 27), preliminary investigation (May 14), partial acceptance (Jun 7), and final decision (post-Jun 7), allowing clear chronological reconstruction. | remediation: The record would benefit from explicit reconciliation of the May 14 Preliminary Fact-Finding Report's factual findings (false assault accusation, staff fear of retaliation) with the final decision's legal conclusion that no discrimination occurred; this requires either a supplemental explanatory statement or integration of the investigative findings into the final decision's reasoning section to clarify how intervening facts informed the ultimate legal standard applied.","D3 Comparator evidence missing; D4 Relevant documents not obtained (policies, files, records, reports); D7 Accepted claims or incidents not investigated at all",,
S013-20,P,"rc1: review: The Agency's conclusion that Complainant failed to prove discrimination is linked to stated gaps (no corroboration, no affidavit, unspecified timing), but the path to the finding that management 'took whatever action it could' is not traceable because the record never shows what actions management took. | rc2: review: Many characterizations are tied to ROI pages (e.g., ROI at 8-11, 116, 130), but the Agency's findings on cohabitation, lack of corroboration, and management's actions have no cited source, and the Lead Manager's claim that both parties were separated is unsupported by any other source. | rc3: gap: Key dates are missing or conflicting: harassment is said to run 'since March 2017,' the PS-13 was given in October 2018, the interview was August 7, 2018, and discussions of private information are on 'unspecified dates,' so there is no dated sequence of when management was told, when the parties were separated, or whether anything followed the PS-13. | rc4: gap: The record does not identify who made the Agency's decision or what anti-harassment policy standard or threshold was applied, and it does not show whether management inquired into the PS-13, interviewed C1 or the coworkers, or considered Complainant's account before finalizing. | rc5: gap: Because the sequence, the decision-maker, and any management response are not documented, and the affidavit is absent, an independent reviewer could not assess from this record alone whether the conclusion on the harassment claim is supported.","D1 Decision-maker or responsible official not examined, or not under oath; D2 Identified witnesses not interviewed, or non-responses not pursued; D4 Relevant documents not obtained (policies, files, records, reports); D9 Notice and timing of management's knowledge not established",,
S013-20,Q,"The record has material gaps. C1, the alleged harasser, is not shown to have been interviewed, and no coworkers who reportedly approached Complainant about the rumor were addressed. The Acting Lead Manager and Plant Manager, who allegedly received his reports, left no statements. The Lead Manager says the parties were separated, but no documentation or dates are cited, and the conflict over whether the rumor was reported is unresolved. Management's alleged disclosure of medical information and the August 7, 2018 investigative interview were not investigated beyond bare denials, and no comparator or policy evidence on the interview appears. The PS-13 was only mentioned, with no evidence of an anti-harassment inquiry. The Complainant never gave an affidavit, so the decision rests largely on his missing detail rather than on evidence gathered by the Agency. Although his non-cooperation explains some of the thinness, the Agency did not develop the record from other available sources, so the finding of no discrimination cannot be reliably evaluated.","D1 Decision-maker or responsible official not examined, or not under oath; D2 Identified witnesses not interviewed, or non-responses not pursued; D4 Relevant documents not obtained (policies, files, records, reports); D9 Notice and timing of management's knowledge not established",,
S013-20,R,"rc1: review: The path to the finding on the harassment and medical-information claims rests mainly on the absence of detail and of an affidavit, but the record never links any evidence to a conclusion on claim 2 (the August 7, 2018 investigative interview), and the finding that management 'took whatever action it could' is not tied to documented actions. | rc2: review: Complainant's, S1's and the Lead Manager's statements carry ROI page cites, but several facts the Agency relied on have no stated source, including that Complainant and C1 lived together, that no corroborating evidence existed, and the claim-3 assertion about disclosure of medical information. | rc3: review: Key dates are present (March 2017 onset, August 7, 2018 interview, October 2018 PS-13, November 16, 2018 complaint, September 12 and 16, 2019 AJ orders), but the dates of Complainant's other reports to management, the separation of the parties, the Motion to Dismiss, the hearing dismissal and the final decision are not given, and claim 3 is undated. | rc4: review: The AJ's dismissal steps and the 'severe or pervasive' standard are documented, but the person who made the final agency decision is not identified, and the record does not show that the conflict between Complainant's account and the Lead Manager's denial, or Complainant's apparent ROI statements at 8-11, were weighed against the stated lack of an affidavit. | rc5: review: An independent reviewer can follow the general outcome, but the record does not stand on its own because of unsourced facts, the missing analysis of claim 2, undated management responses, and the unexplained tension between Complainant's cited ROI statements and the finding that his evidence was insufficient for lack of an affidavit.","D1 Decision-maker or responsible official not examined, or not under oath; D2 Identified witnesses not interviewed, or non-responses not pursued; D4 Relevant documents not obtained (policies, files, records, reports); D9 Notice and timing of management's knowledge not established",,
S013-20,S,"rc1: review: The Agency's reasoning steps are laid out (no corroborating statements, missing details, 'neither severe nor pervasive'), but the underlying evidence exists only as ROI pinpoint cites not included in the file, and the decision text was removed. | rc2: review: Most characterizations are tied to ROI pages and to named roles (Complainant at 8-11, S1 at 116, Lead Manager at 130), but the Agency's observation that Complainant and C1 'lived together' has no cited source and the Acting Lead Manager and Plant Manager accounts are not attributed. | rc3: review: Key dates are given (March 2017, August 7, 2018, October 2018, November 16, 2018, September 12 and 16, 2019), but the dates of the ROI, the dismissal order, the Agency decision, and the management 'separation' are missing, and the narrative is not in chronological order. | rc4: review: The 'severe or pervasive' criterion and consideration of Complainant's non-response and management's actions are documented, but no named reviewer or decision-maker is identified and the Agency's final decision process is described only generically as 'the Agency'. | rc5: review: An independent reviewer could follow the broad outline but would need the ROI, the AJ orders, and the removed outcome text to judge whether the conclusion is supported, so the record does not fully stand alone. | remediation: The record would need the underlying ROI excerpts or exhibits attached, a source for the cohabitation finding, and a dated timeline that includes the ROI, the dismissal order, the Agency decision, and management's separation of the parties. It would also need to name the Agency decision-maker and state the criteria applied.","D1 Decision-maker or responsible official not examined, or not under oath; D2 Identified witnesses not interviewed, or non-responses not pursued; D4 Relevant documents not obtained (policies, files, records, reports); D9 Notice and timing of management's knowledge not established",,
S013-20,T,"basis_identification: pass: The record identifies specific bases for conclusions: ROI citations (pages 8-11, 64, 116, 130) ground factual claims; supervisor statements and lead manager attestations are sourced; agency findings rest on identified evidentiary gaps (lack of corroboration, missing affidavit, minimally described allegations). | reasoning_traceability: pass: The decision path is traceable: complaint filed → investigation conducted → ROI produced → AJ issued Show Cause Order (Sept 12, 2019) → Complainant failed to respond → AJ dismissed hearing (citing affidavit non-compliance) → Agency concluded no discrimination based on lack of corroboration and procedural deficiency. | cold_reviewer_clarity: review: While the procedural timeline and investigative findings are clear, a reviewer would need the actual ROI document to verify the 'minimal information' claim and assess whether the characterization of allegations as 'minimally described' is accurate without independent review of source materials referenced only by page number. | accountability_support: review: The record provides evidentiary support for the non-discrimination conclusion (no corroborating statements, complainant's failure to provide affidavit), but the characterization of management's actions as 'whatever action it could' lacks specificity regarding what actions were actually taken and why those were deemed appropriate or limited. | temporal_reconstructability: pass: Clear chronology is established: March 2017 (harassment begins), August 7, 2018 (investigative interview), October 2018 (PS-13 submitted), November 16, 2018 (complaint filed), September 12, 2019 (Show Cause Order), September 16, 2019 (affidavit deadline), final dismissal and agency conclusion follow. | remediation: A compliant version must either excerpt or attach the ROI to substantiate the 'minimal description' characterization and specify what corrective actions management actually implemented in response to the October 2018 report, rather than asserting what they 'could' have done.","D1 Decision-maker or responsible official not examined, or not under oath; D2 Identified witnesses not interviewed, or non-responses not pursued; D4 Relevant documents not obtained (policies, files, records, reports); D9 Notice and timing of management's knowledge not established",,
S013-21,P,"rc1: gap: The final decision rejects Claim 1 because Complainant did not report the slurs before EEO contact, and rejects Claim 2 for no retaliatory animus, but neither conclusion is traced to the conflicting witness accounts, and the Threat Assessment Committee report and LT2's photographs are not in the file. | rc2: review: Most statements are attributed to named officials (Complainant, CO1, CO2, LT1, LT2, CAPT, HRM), but the Threat Assessment Committee's conclusion is known only through CAPT's testimony, the photographs are unattributed in the file, and CAPT said he could not recall whether pictures were taken. | rc3: review: Many events are dated (Nov 17 and 23, 2022; Jan 2, Jan 9, Mar 2-3, Apr 10 and Aug 3, 2023), but the dates of CO2's reassignment, the reminder letters, the Threat Assessment Committee's findings and the AWOL coding are missing, and the narrative is not strictly in order. | rc4: gap: The Threat Assessment Committee's membership and criteria are not identified, the record does not show who decided on the AWOL coding, welfare check or medical requests, and the final decision does not show how the denials and Complainant's responses were weighed. | rc5: gap: An independent reviewer could not assess the conclusion without the missing Threat Assessment Committee documentation, the photographs and the reasoning linking evidence to findings, so the record does not stand on its own.","D4 Relevant documents not obtained (policies, files, records, reports)",,
S013-21,Q,"Key evidence was never obtained. The Threat Assessment Committee report, witness memos and notes were held by Acting HRM, who gave no statement, and the record does not show they were collected. LT2's photographs of Complainant's neck are not in the record, and CAPT could not recall them. CO1's contemporaneous memo is not shown as included. Acting HRM, who convened the committee, and the relief supervisor were not interviewed. Nobody addressed whether management or the police made the 'psychologically unstable' remark. Decision-makers on COP, AWOL and medical requests were not tied to knowledge of EEO activity beyond HRM's denial, and CAPT's knowledge is unaddressed. No comparator evidence on welfare checks or AWOL coding was gathered. The agency's Claim 1 rationale, that the slurs were not reported before EEO contact, does not address the conflicting accounts or the corrective action taken. The record is not adequate for a merits decision.","D4 Relevant documents not obtained (policies, files, records, reports)",,
S013-21,R,"rc1: gap: The final decision's Claim 1 conclusion rests solely on Complainant's failure to report the slurs before EEO contact, and the record does not show how the conflicting accounts were weighed or connected to the missing evidence (Threat Assessment Committee report, LT2's photographs, CO1's contemporaneous memo). | rc2: gap: Material characterizations are not tied to source documents in the file: the Committee's finding that the assault 'could not be substantiated' comes only from CAPT's recollection after he referred the investigator to Human Resources, LT2's photos are described but not included, and CAPT's reported 'psychologically unstable' remark is never addressed by CAPT. | rc3: review: Most events are dated (Nov. 17, 2022 incident through the Aug. 3, 2023 OWCP acceptance), but the sequence has inconsistencies: COP is described both as paid and as denied after OWCP's denial, CAPT's March 2 claim of no contact since January 2 sits uneasily with his February 9 request, and the Committee's date and outcome are given only as 'the following day' with no documented result. | rc4: gap: The record does not identify who issued the final decision, does not show that the Committee documentation held by Acting HRM was obtained or that Acting HRM was interviewed, and does not document CAPT's knowledge of Complainant's EEO activity even though CAPT took several of the challenged actions; only HRM's knowledge (September 2023) is addressed. | rc5: gap: With the central Committee report, photographs, and witness memos absent, and the reprisal analysis lacking CAPT's knowledge of protected activity, an independent reviewer could not assess from the record alone whether the conclusions on either claim are supported.","D4 Relevant documents not obtained (policies, files, records, reports)",,
S013-21,S,"rc1: review: The evidence (sworn statements from Complainant, CAPT, HRM, CO1, CO2, LT1 and LT2) is present, but the Agency's finding of 'failed to establish retaliatory animus' on Claim 2 is not tied to any stated reasoning, and the Claim 1 finding rests only on non-reporting before EEO contact without addressing the conflicting statements. | rc2: pass: Nearly every characterization is attributed to a named source (e.g., 'According to Complainant', 'CAPT stated', 'HRM stated', 'LT2 stated'), although the Threat Assessment Committee findings and the photographs are known only through secondhand testimony. | rc3: review: Most events carry specific dates (Nov. 17, 2022; Jan. 9, 2023; Mar. 2-3, 2023), but the Threat Assessment Committee is dated only as 'the following day', the ROI, supplemental ROI and final Agency decision are undated, and the Aug. 3, 2023 event is listed before the Apr. 10, 2023 complaint. | rc4: gap: The Threat Assessment Committee's membership and criteria are not identified (only that Acting HRM convened it), and the final Agency decision's author, applicable standard and consideration of the conflicting statements are not documented. | rc5: gap: An independent reviewer could not assess whether the conclusions are supported without the Threat Assessment Committee report, LT2's photographs, the memoranda referenced, and the removed outcome, given the weaknesses under RC1, RC3 and RC4. | remediation: The record would need the Threat Assessment Committee report (membership, criteria, witness memos and notes), LT2's photographs, and the CO1 memorandum, plus dates for the ROI, supplemental ROI and final Agency decision. It would also need a documented, attributed rationale linking the evidence to each finding, including how conflicting witness accounts were weighed and who made the decision.","D4 Relevant documents not obtained (policies, files, records, reports)",,
S013-21,T,"basis_identification: pass: The record identifies bases for conclusions through direct citation: Complainant's sworn interrogatory answers, supervisory statements (CAPT, HRM, LT1, LT2), co-worker accounts (CO1, CO2), the Threat Assessment Committee's determination, OWCP decisions, and medical documentation. | reasoning_traceability: review: The chain from evidence to Agency conclusion is traceable for Claim 2 (reprisal), but Claim 1's reasoning—that non-reporting before EEO contact defeats a hostile work environment claim—is asserted without explanation of the legal or factual standard applied. | cold_reviewer_clarity: review: A reviewer with no prior knowledge could reconstruct the November 17, 2022 incident and subsequent administrative actions from the record, but the Threat Assessment Committee's findings (referenced as 'could not be substantiated') are not reproduced verbatim, leaving the basis for that conclusion opaque. | accountability_support: review: Evidence sufficiently supports findings on the physical confrontation (LT2's photographic evidence, observations), but conflicting accounts of the anti-LGBTQ+ slurs (Complainant's assertion vs. CO1/CO2/LT1 denials) are recorded without explicit resolution; the Agency's use of Complainant's silence before EEO counselor contact as dispositive lacks articulated evidentiary basis. | temporal_reconstructability: pass: Dates and intervals are clearly marked: November 17, 2022 (incident), November 23, 2022 (police contact), December 29, 2022 (EEO counselor contact), January 2–9, 2023 (COP/OWCP determinations), February–March 2023 (medical requests and AWOL coding), August 3, 2023 (OWCP appeal grant), April 10, 2023 (formal EEO complaint). | remediation: The record requires explicit reproduction or incorporation of the Threat Assessment Committee's investigative findings and reasoning, and the Agency's final decision must articulate the legal and factual standard under which pre-EEO-counselor silence defeats a hostile work environment claim, with citation to applicable authority.","D4 Relevant documents not obtained (policies, files, records, reports)",,
S013-22,P,"rc1: review: The final decision's conclusions (no prima facie case, nondiscriminatory workload rebalancing, no nexus or severity) are stated, but the path from evidence to them is thin: the rebalancing rationale rests on S2's account alone, S1 was not interviewed, C1 was not interviewed, and no comparator data exists to support the 'no more favorable treatment' finding. | rc2: review: Most characterizations are attributed to Complainant, S2, or C2, but the workload-rebalancing rationale (10 specialists, 20+ portfolios) has no documentary source, and the Agency's 'generalized allegations' finding is not tied to identified evidence. | rc3: pass: Events are dated and ordered from the April 2018 interview through the May 2, 3, 8, 9, 10 and 11 events, the June 2018 leave and reassignment, and the August 14, 2018 complaint filing, so the sequence and period are followable. | rc4: gap: The record does not identify who drafted the final decision or what evidence was weighed, and it does not show that S1's or C1's accounts were considered; the dismissal of reprisal as not protected activity also overlooks Complainant's alleged opposition to assignments based on assumed protected status. | rc5: gap: Because S1, the key actor, and C1, the comparator, were never interviewed, demographic and comparator information is missing, and the workload-rebalancing explanation is uncorroborated, an independent reviewer could not assess from this record alone whether the conclusion is supported.","D3 Comparator evidence missing; D4 Relevant documents not obtained (policies, files, records, reports); D1 Decision-maker or responsible official not examined, or not under oath; D8 Failed attempts to obtain evidence not documented",,
S013-22,Q,"The record has material gaps. S1 made the key comment and sent the allegedly harassing event and meeting requests, yet he was never interviewed, and the record does not say whether a declaration or other substitute was sought. C1 was also not interviewed, and there is no data on C1's sex, sexual orientation, or protected activity, so comparator analysis is not possible. The agency still found no more favorable treatment of comparators. No evidence is described to test S2's workload-rebalancing explanation, such as the other portfolio reassignments or workload data. The hostile work environment claim (scrutiny, criticism, scheduling) also lacks documentary evidence of the events and meeting schedules. The agency's dismissal of reprisal also rests on a narrow view of protected activity, even though Complainant says she opposed discrimination directly to S1 and S2 on May 8, which was not analyzed. These gaps should be filled before a reliable merits decision.","D3 Comparator evidence missing; D4 Relevant documents not obtained (policies, files, records, reports); D1 Decision-maker or responsible official not examined, or not under oath; D8 Failed attempts to obtain evidence not documented",,
S013-22,R,"rc1: gap: The final decision's finding of no evidence that a male or gay employee was treated more favorably cannot be traced to documented evidence, because the investigator interviewed neither S1 nor C1 and recorded no demographic information about C1; its reprisal dismissal also addresses only affinity-group membership, not Complainant's stated opposition to S1 and S2. | rc2: review: Most characterizations are attributed (Complainant averred, S2 stated, C2 denied hearing yelling), but S1's alleged remarks rest only on Complainant's account, and the harassment allegations of 'constant scrutiny' and 'unfair criticism' have no identified underlying source. | rc3: pass: Key events are dated in order: the April 2018 interview, the April 27 assignment, the May 2–11 exchanges and reassignment, June leave, the June 21 transfer and the August 14 complaint, though the S1 event requests are placed only within an undated 10-day span. | rc4: review: The legal frameworks applied (prima facie case, pretext, severe or pervasive) are stated, but the record does not identify who made the final decision, and it shows no consideration of the alleged opposition activity or of the missing S1 and C1 testimony. | rc5: gap: Without the alleged harasser's (S1) testimony, the comparator's (C1) testimony or demographics, or any analysis of the opposition-based reprisal claim, an independent reviewer cannot assess from the record alone whether the no-discrimination conclusion is supported.","D3 Comparator evidence missing; D4 Relevant documents not obtained (policies, files, records, reports); D1 Decision-maker or responsible official not examined, or not under oath; D8 Failed attempts to obtain evidence not documented",,
S013-22,S,"rc1: review: The Agency's conclusions (legitimate rebalancing reason, no nexus, not severe or pervasive) are stated, but the record cites no documents showing the workload rebalancing and does not connect the evidence step by step to the findings, so the path rests largely on S2's assertion and Complainant's account. | rc2: review: Most characterizations are attributed to Complainant ('According to Complainant'), S2, or C2, but the record does not identify the underlying exhibits or affidavits, and S1's account is absent because he was not interviewed, leaving key assertions such as 'general rebalancing' and 'as many as 10 specialists' unsupported by an identified source document. | rc3: pass: Events are dated and ordered from the April 23, 2018 start through the May 2-11 exchanges, the June 21, 2018 reassignment, and the August 14, 2018 complaint filing, with the review period identifiable. | rc4: review: The Agency's decision and its prima facie, legitimate-reason, and pretext framework are described and Complainant's and S2's responses are recorded, but the individual who made the final decision is not named and the investigator's identity and the basis for not interviewing C1 are not documented. | rc5: review: Chronology is strong, but gaps in source documentation, the missing S1 and C1 evidence (including no demographic information for C1), and the lack of linkage between evidence and findings mean an independent reviewer could not fully assess support for the conclusion without outside context. | remediation: The record would need citations to the underlying exhibits (affidavits, workload and portfolio assignment data, emails), an explicit mapping from each piece of evidence to each finding, and identification of the investigator and the deciding official. It should also document how missing evidence (S1's unavailability, no C1 information) was considered before the decision was finalized.","D3 Comparator evidence missing; D4 Relevant documents not obtained (policies, files, records, reports); D1 Decision-maker or responsible official not examined, or not under oath; D8 Failed attempts to obtain evidence not documented",,
S013-22,T,"basis_identification: pass: The record explicitly identifies bases for each major conclusion: assignment removal is attributed to workload rebalancing (S2 statement), the assumption about sexual orientation is traced to GLIFAA membership mention (Complainant's statement), and the hostile work environment claim is grounded in specific alleged incidents (May 8 conversation, subsequent meeting requests). | reasoning_traceability: review: While the chronological sequence of events is clear, the investigator's reasoning process is largely absent—notably, S1 was not interviewed despite being central to the discrimination allegations, and no explanation is provided for why C1's demographic information was not documented, creating gaps in the evidentiary chain from investigation to conclusion. | cold_reviewer_clarity: review: A reviewer years later could reconstruct the factual timeline and competing narratives (e.g., S1's tone of voice disputed between Complainant and C2), but critical investigative steps are missing (S1 interview absent, C1 demographics undocumented), preventing full reconstruction of how conclusions were derived from available evidence. | accountability_support: review: The record documents allegations and management responses but lacks the investigator's analysis of credibility determinations, why S1's non-availability was not addressed through alternative means, and how the workload rebalancing claim was independently verified against staffing patterns or portfolio distribution data. | temporal_reconstructability: pass: The record provides precise dates and intervals for all material events: April 23, 2018 (hire date), April 27, 2018 (assignment), May 2–3, 2018 (conversation and apology), May 8, 2018 (portfolio removal), May 11, 2018 (reassignment email), June 21, 2018 (transfer approval), and August 14, 2018 (complaint filing). | remediation: A compliant record would require documented explanation for S1's non-interview, demographic information and prior EEO activity status for C1, the investigator's credibility analysis and reasoning for discounting Complainant's account, and independent verification of the workload rebalancing assertion through staffing records or testimony from uninvolved supervisors.","D3 Comparator evidence missing; D4 Relevant documents not obtained (policies, files, records, reports); D1 Decision-maker or responsible official not examined, or not under oath; D8 Failed attempts to obtain evidence not documented",,
S013-24,P,"rc1: review: The email chain is detailed, but the steps from evidence to the final conclusions are thin: the Agency found 'no evidence' of age motivation without citing what was examined, and the removal rests on a verbal resignation promise that Person A and Person D both noted is 'not in the agreement'. | rc2: gap: Key characterizations lack a traceable primary source: the verbal resignation agreement is known only through Person C's secondhand statements, the attachment he cited is 'not in the record', and Person B's statement on Complainant's medical status is speculation ('most likely the same'). | rc3: review: Most emails are dated and ordered from March to July 2016, but the record has unexplained gaps and inconsistencies: no explanation of the period after April 14, 2014, claims 1-3 attribute the May 10 and June 13 emails to different people than the emails themselves show, and the termination is dated both July 28 and August 1, 2016. | rc4: gap: The record does not identify who decided to terminate or the authority relied on (Person D said he was 'not clear on the authority for the removal'), and it does not show that Complainant's requests to return to work, his sick slip, or his EO contact were considered before the July 2016 resignation was processed. | rc5: gap: Because the verbal agreement is unsourced, the medical and disability evidence is missing or contradictory, and the decision-maker and criteria are not documented, an independent reviewer could not assess from this record alone whether the conclusions are supported.","D6 Reasonable accommodation and interactive process not developed",,
S013-24,Q,"The record has material gaps that should be filled before a merits decision. The key IME Person C said showed Complainant 'physically unable to work' is missing, and the only IME in the record is dated May 2015. The agency found no medical evidence that he was a qualified individual with a disability, yet the record shows no inquiry into his current medical status, no interactive process, no search for vacant positions or reassignment, and no request for updated medical documentation, despite Person D's own suggestion to seek medical documents and consider accommodation. The oral resignation agreement is not in the written settlement, and the record has no statements from Persons A through F, no affidavits or testimony on motive, and no comparators. It also shows no age-related evidence and no analysis of whether the resignation was voluntary. The agency's dismissal of the termination claim (4a) as a collateral attack on the OWCP process is questionable, since the termination is a separate personnel action. The record also reflects confusion over which official took which action, as the claim descriptions misattribute the actors.","D6 Reasonable accommodation and interactive process not developed",,
S013-24,R,"rc1: gap: The Agency's actions rest on an oral agreement to resign that Person C confirms was 'not in the agreement,' the attached medical exam said to show Complainant was 'physically unable to work' is not in the record, and the final decision does not connect its 'no qualified individual' and 'no age motivation' conclusions to the documented emails. | rc2: gap: Key characterizations rest only on assertion: the verbal resignation on Person C's statement alone, current medical status on Person B's admitted speculation ('most likely the same... probably worse'), and inability to work on a missing attachment (the only IME in the record is dated May 18, 2015); the accepted claims also attribute Person A's and Person B's roles inconsistently with the background. | rc3: review: Events from March 2016 through July 2016 are dated and in order, but there are discrepancies: the resignation is effective July 28, 2016 while the termination form is dated August 1, 2016; the gap between the 2010 injury and the 2014 last day of work is unexplained; and the appeal filing date needed to assess the contested timeliness is not stated. | rc4: gap: The record names the legal criteria applied (collateral attack, qualified individual with a disability), but does not identify who made the final decision, and it does not show that the Agency weighed mitigating information before finalizing: Person D's documented doubts about the authority for removal, the EO Office's view that the resignation was unenforceable, and Complainant's requests to return and for accommodation. | rc5: gap: With the central resignation agreement undocumented, the cited medical evidence missing, sourcing inconsistent, and decision-process consideration unshown, an independent reviewer could not reliably assess from this record whether the final decision is supported.","D6 Reasonable accommodation and interactive process not developed",,
S013-24,S,"rc1: review: The email chain and the Agency's final-decision reasoning are present, but the central premise that Complainant verbally agreed to resign rests only on Person C's statements, and the settlement agreement and the attachment Person C cited are not in the record (""The referenced attachment is not in the record""). | rc2: review: Most characterizations are tied to dated emails from identified roles, but the verbal resignation agreement is secondhand, the statement that Complainant did not return to work after April 14, 2014 is unsourced, and the claim statements attribute actions to different persons (Person A as Claims Examiner, Person B as HRO) than the emails show. | rc3: pass: The email exchanges from March 14, 2016 through July 13, 2016, the resignation effective July 28, 2016, the August 8, 2016 complaint, the March 25, 2020 final decision and the July 6, 2020 appeal brief are dated and in order, though the date of the oral agreement and the 2014-2016 interval are not specified. | rc4: review: Reviewers (Persons A-F) and the Agency's qualified-individual analysis are identified, but the record does not show who decided to process a verbal resignation, what criterion authorized it, or how Complainant's return-to-work and accommodation requests and Person D's authority concerns were resolved before finalization. | rc5: review: As a secondary summary of an appellate decision, the record cannot be assessed independently because the key evidence (settlement agreement, medical documentation, personnel action form, final decision) is described rather than included, and unresolved attribution and decision-process questions remain. | remediation: Include the primary documents (the settlement agreement or any record of the oral term, the medical examination, the NAFI personnel action form, and the final decision) and identify the decision-maker, the authority or criteria for processing a verbal resignation, and how Complainant's contrary statements were considered. Also reconcile the inconsistent attribution of actions among Persons A and B in the claim statements.","D6 Reasonable accommodation and interactive process not developed",,
S013-24,T,"basis_identification: pass: The record identifies bases for conclusions through dated emails, personnel titles, specific actions (May 10, 2016 email from Person A; June 13, 2016 response from Person A; settlement agreement approval on March 29, 2016), and medical examination (May 18, 2015 Orthopedist report). | reasoning_traceability: review: The record traces exchanges between multiple parties (Persons A-F) and shows progression of decisions, but the critical medical examination referenced by Person C on May 19, 2016 is noted as absent from the record ('The referenced attachment is not in the record'), breaking traceability of the disability determination basis. | cold_reviewer_clarity: review: A reviewer could reconstruct the chronology of communications and personnel actions from the dated emails, but cannot independently verify the claimed medical basis for disability or the actual terms of the oral settlement agreement, as the independent medical examination and settlement agreement text are not included. | accountability_support: gap: The record explicitly notes that the only independent medical examination in the record is from May 18, 2015, and Person C references attaching a later examination on May 19, 2016 ('referenced attachment is not in the record'), creating evidentiary gaps for the disability determination claim that Person C later used to justify removal. | temporal_reconstructability: pass: The record provides a clear chronology with specific dates from the March 15, 2010 injury through August 8, 2016 EEO complaint filing, including daily email sequences in May-July 2016, allowing sequence and interval reconstruction. | remediation: The compliant record must include the referenced May 19, 2016 independent medical examination, the complete written or documented oral settlement agreement terms, and explicit documentation of disability determination authority and methodology. All attestations to verbal agreements must be corroborated by contemporaneous written confirmation or witness statements.","D6 Reasonable accommodation and interactive process not developed",,
S013-30,P,"rc1: gap: The record states the final decision's conclusion (no discrimination proven) but contains no evidence about the two non-selections, such as selection criteria, selectee qualifications, or the agency's reasons, so the path from evidence to conclusion cannot be traced. | rc2: review: The harassment incident is attributed to Complainant's own account with ROI page cites (238, 61), but the non-selection claims, the selecting officials, and any agency explanation have no identified source. | rc3: review: Some dates are given (incident March 25, 2022; non-selections learned May 2, 2022; complaint initiated May 3 and filed June 29, 2022), but the timing of the prior protected EEO activity relative to the non-selections, the application dates, and the final decision date are missing, and the 'initiated' versus 'filed' sequence is unclear. | rc4: gap: The record does not identify who made the selection decisions, what criteria applied, or whether responsive information was considered, and the final decision was issued without a hearing or any described analysis. | rc5: gap: Because the evidence-to-conclusion link, selection decision-makers and criteria, and the reasoning of the final decision are not documented, an independent reviewer could not assess the merits without outside context.","D1 Decision-maker or responsible official not examined, or not under oath; D5 Management's stated reason not explained or supported; D9 Notice and timing of management's knowledge not established; D2 Identified witnesses not interviewed, or non-responses not pursued",,
S013-30,Q,"The summary describes the complaint and procedural history but shows no evidence on the two non-selection claims. It does not identify the selecting official(s), the articulated reasons for non-selection, the selectees' qualifications, ages, or knowledge of Complainant's EEO activity, or whether the Complainant's qualifications were compared. There is no sign that the selecting officials or Supervisor 2 were interviewed, and no timeline connects the March 2022 harassment report to the May 2022 non-selections. Without comparator and decision-maker evidence on age and reprisal, the agency's finding of no discrimination cannot be evaluated from this record.","D1 Decision-maker or responsible official not examined, or not under oath; D5 Management's stated reason not explained or supported; D9 Notice and timing of management's knowledge not established; D2 Identified witnesses not interviewed, or non-responses not pursued",,
S013-30,R,"rc1: gap: The record states the final decision's conclusion that Complainant 'failed to prove that she was subjected to discrimination' but documents no evidence or reasoning on the two non-selections, so the path from evidence to conclusion cannot be traced. | rc2: review: The harassment report and the Coworker's transfer are tied to 'ROI at 238, 61', but the non-selection claims have no cited source, and no selecting official's statement or selection-file evidence is identified. | rc3: review: Key dates are given (March 25, 2022 report; May 2 notice of non-selection; May 3 initiation; June 29 filing), but the dates of the selection decisions, the close of the investigation, the ROI transmittal and the final decision are not stated. | rc4: gap: The record does not identify the selecting officials, the Agency decision-maker, the legal standard or criteria applied to the age and reprisal claims, or whether any Agency explanation or Complainant rebuttal was considered before the final decision. | rc5: gap: Because the record lacks the evidence on the non-selections, the Agency's stated reasons and any analysis, an independent reviewer could not tell from this record alone whether the no-discrimination conclusion is supported.","D1 Decision-maker or responsible official not examined, or not under oath; D5 Management's stated reason not explained or supported; D9 Notice and timing of management's knowledge not established; D2 Identified witnesses not interviewed, or non-responses not pursued",,
S013-30,S,"rc1: gap: The record states that the Agency concluded Complainant ""failed to prove that she was subjected to discrimination,"" but it contains no evidence on the non-selections and no reasoning connecting any evidence to that conclusion. | rc2: review: Some characterizations are attributed (""Complainant averred,"" ""Complainant noted,"" ROI at 238, 61), but the non-selection facts, the prior protected EEO activity, and the Agency's conclusion are not tied to identified sources. | rc3: review: Dates are given for the March 25, 2022 incident, the May 2, 2022 non-selections, the May 3 initiation, and the June 29 complaint filing, but the prior EEO activity, the ROI delivery, the hearing-notice period, and the final decision date are undated, so the full sequence cannot be followed. | rc4: gap: The record cites 29 C.F.R. § 1614.110(b) as the procedural basis for the final decision, but it does not identify who decided, what criteria were applied to the claims, or whether Complainant's information was considered before finalization. | rc5: gap: With RC 1 absent and RC 2 to 4 only partly or not met, an independent reviewer could not assess from this summary whether the conclusion is supported without consulting the ROI and other outside materials. | remediation: The record would need the underlying ROI evidence on the two non-selections (selection criteria, selectees, and selecting officials' stated reasons) with source citations, and an explicit, dated analysis linking that evidence to the conclusion. It would also need the decision-maker's identity, the standard applied, a timeline from the protected activity through the final decision, and a note on how Complainant's submissions were considered.","D1 Decision-maker or responsible official not examined, or not under oath; D5 Management's stated reason not explained or supported; D9 Notice and timing of management's knowledge not established; D2 Identified witnesses not interviewed, or non-responses not pursued",,
S013-30,T,"basis_identification: pass: The record identifies the basis for the complaint through specific dates (March 25, 2022 harassment incident; May 2, 2022 non-selections; May 3, 2022 complaint initiation; June 29, 2022 EEO filing) and clearly states the two discrimination allegations (age and reprisal). | reasoning_traceability: review: The record documents the factual sequence and complainant's stated grounds, but does not disclose the Agency's investigative reasoning, findings of fact, or the basis for the conclusion that discrimination was not proven—only that a final decision was issued. | cold_reviewer_clarity: review: A reviewer years later can understand the complaint allegations and timeline, but cannot reconstruct why the Agency rejected the discrimination claim without access to the full ROI analysis, witness statements, or comparator evidence referenced only by page number (238, 61). | accountability_support: gap: The record presents complainant's allegations and the Agency's conclusion but does not include or summarize the evidentiary support for the final decision, making it impossible to assess whether evidence sufficient to deny the claim was actually developed. | temporal_reconstructability: pass: The chronology is clear and complete: March 25, 2022 (harassment), May 2, 2022 (non-selections learned), May 3, 2022 (complaint initiated), June 29, 2022 (EEO complaint filed), with investigation and final decision following. | remediation: To achieve full compliance, the record must include or reference a summary of the Agency's investigative findings regarding age, temporal proximity, and reprisal elements, along with the specific evidence (comparator qualifications, selection panel notes, prior EEO complaints) that supported the conclusion that discrimination was not proven.","D1 Decision-maker or responsible official not examined, or not under oath; D5 Management's stated reason not explained or supported; D9 Notice and timing of management's knowledge not established; D2 Identified witnesses not interviewed, or non-responses not pursued",,
